dataset_size,overlap,alice_hash,alice_blind,alice_double_blind,alice_send,alice_recv,alice_intersection,alice_total,bob_hash,bob_blind,bob_double_blind,bob_send,bob_recv,bob_intersection,bob_total,alice_bytes_sent,alice_bytes_recv,bob_bytes_sent,bob_bytes_recv,alice_memory_kb,bob_memory_kb
100,0,1.133561,2.797934,2.899564,0.233165,33.030804,0.026517,42.744032,5.507809,13.369652,13.044040,2.746193,0.029160,4.265515,39.059360,3204,6404,6404,3204,2436,2176
100,0,1.097515,2.879024,2.840158,4.773580,44.290567,0.018399,60.190694,5.776814,30.190831,12.215075,2.365410,0.019621,3.415491,56.835278,3204,6404,6404,3204,2500,2304
100,0,1.211317,2.843622,3.010576,0.339300,25.537958,0.018310,40.107827,3.541033,12.450086,11.627705,0.591054,0.019355,10.278362,38.652094,3204,6404,6404,3204,2500,2304
100,0,1.499381,3.399440,2.830021,1.282913,38.679983,0.018193,50.103768,3.699137,23.033569,14.915698,0.319720,0.016870,4.845896,46.979943,3204,6404,6404,3204,2500,2304
100,0,1.222387,2.802902,2.963074,0.218915,34.193851,0.018937,43.672885,3.942375,16.791564,11.967247,0.681770,0.018154,5.718533,39.165279,3204,6404,6404,3204,2500,2304
100,0,1.198645,2.823840,3.013538,0.582161,25.655738,0.018215,37.569923,4.334297,14.882191,8.487036,0.489955,0.022422,6.066362,35.212303,3204,6404,6404,3204,2500,2304
100,0,1.823819,8.588491,2.899332,1.585679,33.380656,0.018617,51.100536,4.741042,23.343192,13.462751,1.156347,0.020208,6.360907,49.132391,3204,6404,6404,3204,2500,2304
100,0,1.150641,2.750564,2.867010,0.229282,27.925935,0.017982,37.486934,4.126880,13.258954,11.877106,0.490434,0.022816,5.028943,34.845395,3204,6404,6404,3204,2500,2304
100,0,1.378166,5.049631,4.269564,0.943938,27.592885,0.018991,43.638430,3.689611,12.112987,15.825396,0.571551,0.020975,8.771249,41.158968,3204,6404,6404,3204,2500,2304
100,0,1.119390,3.283760,2.741610,6.746424,28.601631,0.017780,47.066978,10.540483,13.801090,12.828918,0.370236,0.049607,7.436758,45.071310,3204,6404,6404,3204,2500,2304
100,0,1.085456,3.039043,6.363779,0.907569,25.242626,0.042388,38.683638,3.846068,12.075154,11.397267,0.489218,0.024605,8.604896,36.527950,3204,6404,6404,3204,2500,2304
100,0,1.185323,2.887302,2.826136,1.079199,29.845513,0.017770,39.731097,3.633178,12.438453,10.806724,5.855478,0.026034,4.804943,37.597990,3204,6404,6404,3204,2500,2304
100,0,1.219255,8.336579,2.856583,0.276445,27.825735,0.018671,42.715607,13.387610,11.295181,9.554214,1.088859,0.025731,5.282135,40.669905,3204,6404,6404,3204,2500,2304
100,0,1.329262,3.016412,2.769877,0.187779,31.600262,0.018015,40.664320,3.444183,12.522946,16.139355,2.696866,0.041896,3.113987,38.106462,3204,6404,6404,3204,2500,2304
100,0,1.158909,6.817347,2.776693,0.309980,32.267243,0.017813,46.542356,6.347953,14.224761,15.920622,2.369427,0.023384,3.809849,44.594419,3204,6404,6404,3204,2500,2304
100,0,1.087269,2.937553,2.777884,0.205913,16.839081,0.017938,26.672227,2.173593,11.146266,3.024592,2.669242,0.008648,3.199086,22.418099,3204,6404,6404,3204,2500,2304
100,0,1.260729,2.867871,2.835905,0.409660,30.461699,0.017697,42.632018,2.692242,8.239832,13.836646,2.746093,0.020039,6.601971,34.658943,3204,6404,6404,3204,2500,2304
100,0,1.112181,2.933007,2.901042,0.407775,25.084506,0.017626,34.586537,3.463158,17.167821,5.749147,0.642408,0.017537,5.218163,32.694380,3204,6404,6404,3204,2500,2304
100,0,1.093145,2.757539,4.084770,0.414419,22.821621,0.018977,32.212357,2.543814,5.536017,15.292905,2.731586,0.011059,4.733615,30.926767,3204,6404,6404,3204,2500,2304
100,0,1.387546,3.322949,2.993726,0.835499,27.434635,0.019233,37.773803,3.507060,13.635950,11.093656,3.464349,0.027356,2.544916,34.423563,3204,6404,6404,3204,2500,2304
100,0,1.126239,2.810258,3.206193,1.055727,36.375918,0.017783,46.756669,10.155169,14.350747,12.800879,3.285544,0.018494,4.069532,45.095195,3204,6404,6404,3204,2500,2304
100,0,1.154867,3.434124,3.519448,0.269623,21.016255,0.017797,31.348649,1.609545,8.022411,9.775955,3.823471,0.007274,4.268645,28.013533,3204,6404,6404,3204,2500,2304
100,0,1.125674,3.122874,2.771679,0.265513,19.120044,0.017861,28.200744,3.075445,9.927208,4.197895,3.771602,0.021519,3.844701,24.970770,3204,6404,6404,3204,2500,2304
100,0,2.183768,3.559878,3.069900,0.292641,10.616976,0.018481,21.558164,2.181477,9.003761,2.820884,0.933884,0.010426,4.277332,19.347003,3204,6404,6404,3204,2500,2304
100,0,1.488113,2.782443,3.598238,0.277145,25.315212,0.018121,34.907624,1.858560,9.415707,12.645376,1.730518,0.015741,4.042071,29.783653,3204,6404,6404,3204,2500,2304
100,0,1.588739,3.206970,3.335123,0.279790,30.161732,0.018295,40.853681,3.386599,9.860791,9.559270,2.296452,7.920154,3.577122,36.856919,3204,6404,6404,3204,2500,2304
100,0,1.369353,3.121197,2.897589,0.308745,18.592604,0.017864,28.299054,3.692513,12.506604,3.296050,3.149927,0.013008,3.725532,26.891030,3204,6404,6404,3204,2500,2304
100,0,1.654482,2.933271,3.253681,0.336554,23.565365,0.018802,33.665614,3.286277,10.999117,11.181752,2.499183,0.016141,3.639854,31.792187,3204,6404,6404,3204,2500,2304
100,0,1.248833,6.744415,4.494266,0.318351,13.492320,0.018510,27.697750,2.377363,8.339172,5.828686,2.959766,0.011179,5.480449,25.072488,3204,6404,6404,3204,2500,2304
100,0,1.395558,3.260397,3.100149,0.354330,32.179127,0.018122,42.378791,4.131978,14.735074,10.409192,4.169611,0.021578,3.732548,37.624923,3204,6404,6404,3204,2500,2304
100,25,1.615378,3.523532,4.195942,0.297503,29.005507,0.030635,90.937770,3.505309,14.590953,13.077945,2.147508,0.016247,54.400742,88.364930,3204,6404,6404,3204,2564,2304
100,25,1.230167,3.515302,4.675555,0.601236,18.320460,0.022482,55.676289,1.627352,6.130631,12.438299,2.393057,0.013931,30.621416,53.826655,3204,6404,6404,3204,2564,2304
100,25,1.375547,6.544625,4.477943,0.326529,25.622663,0.023591,87.057702,5.394524,15.765454,9.152224,1.694510,0.020145,50.097936,83.264877,3204,6404,6404,3204,2564,2304
100,25,1.429641,3.670889,3.215071,0.291739,27.879667,0.023242,90.267906,3.600016,14.835012,11.654339,2.135951,0.026059,55.597321,88.262966,3204,6404,6404,3204,2564,2304
100,25,1.594103,4.455733,2.873963,0.250772,32.493517,0.022196,84.387880,4.227870,18.309014,11.529829,2.709261,0.018163,41.797868,81.600555,3204,6404,6404,3204,2564,2304
100,25,1.162559,3.062393,3.277621,0.252515,22.078415,0.023167,81.687688,3.113763,12.246053,5.130783,3.626878,0.014083,50.726583,78.193586,3204,6404,6404,3204,2564,2304
100,25,1.374095,3.128382,2.950348,0.235875,26.907351,0.022231,115.052814,3.550168,14.292627,9.499275,2.112307,0.029952,83.014025,112.543933,3204,6404,6404,3204,2564,2304
100,25,1.441800,2.825446,2.975309,0.234899,27.560816,0.021404,87.828006,3.451334,21.734138,3.844840,0.361812,0.018328,56.435216,86.003806,3204,6404,6404,3204,2564,2304
100,25,1.090565,2.764907,2.762489,0.224946,19.144066,0.021273,70.340824,2.637547,7.463738,10.646250,0.208355,0.016024,47.412322,68.612242,3204,6404,6404,3204,2564,2304
100,25,1.090875,2.748210,2.769805,0.234593,8.174704,0.021644,61.453011,1.193139,3.659264,2.801174,0.430129,0.008344,49.120953,57.866937,3204,6404,6404,3204,2564,2304
100,25,1.140927,2.810832,2.833769,0.238564,11.350653,0.021881,68.718785,1.280992,2.833382,4.426637,0.601081,0.004975,53.421304,62.619346,3204,6404,6404,3204,2564,2304
100,25,1.137986,2.807942,2.748584,0.448783,10.317865,0.021782,58.137228,1.660135,5.513201,3.763287,0.111611,0.009727,43.273574,54.633582,3204,6404,6404,3204,2564,2304
100,25,1.123604,2.985885,2.842517,0.250270,17.114639,0.022348,69.458977,1.626257,5.064292,11.508057,1.077296,0.012568,47.470394,67.249054,3204,6404,6404,3204,2564,2304
100,25,1.104274,2.762234,2.787327,0.235721,8.161977,0.022383,139.484594,1.747593,4.385660,3.098329,0.866165,0.007798,127.147402,137.441107,3204,6404,6404,3204,2564,2304
100,25,1.165156,3.272856,2.790684,0.439486,13.609297,0.026090,68.469081,1.607542,9.712990,2.897779,0.639632,0.018428,50.253002,65.456497,3204,6404,6404,3204,2564,2304
100,25,1.149598,2.879801,2.879496,0.355907,24.620456,0.021652,78.998579,3.470361,11.567291,11.116136,0.261126,0.012224,47.462230,76.294987,3204,6404,6404,3204,2564,2304
100,25,1.105690,2.799601,2.889178,0.197288,12.845104,0.022072,65.056140,1.247596,3.430569,8.368145,0.180853,0.004597,49.102463,62.391639,3204,6404,6404,3204,2564,2304
100,25,1.083919,2.734996,2.752897,0.263822,10.387644,0.026714,65.779802,1.523656,4.411408,5.248776,1.833101,0.011453,50.977381,64.084635,3204,6404,6404,3204,2564,2304
100,25,1.103801,2.792010,2.782384,0.240348,12.658342,0.021927,66.003543,1.180220,3.377363,8.199696,0.556882,0.009794,49.788406,63.166165,3204,6404,6404,3204,2564,2304
100,25,1.108221,2.749208,2.767848,0.266294,7.878952,0.021634,65.046146,1.127537,4.665175,2.838903,0.238061,0.007157,53.648939,62.732313,3204,6404,6404,3204,2564,2304
100,25,1.118156,2.833781,2.769970,0.318235,11.620568,0.021979,61.612685,1.657237,4.832499,2.888100,3.937610,0.007222,45.982001,59.343374,3204,6404,6404,3204,2564,2304
100,25,1.128580,2.755795,2.789392,0.221704,8.643247,0.021720,64.020007,1.124830,3.935164,3.012885,2.010567,0.005794,51.272223,61.398425,3204,6404,6404,3204,2564,2304
100,25,1.151974,2.993051,2.959301,0.576566,16.593140,0.022069,70.908987,6.359774,4.574681,2.950182,1.693711,0.009806,44.965474,64.369146,3204,6404,6404,3204,2564,2304
100,25,1.094801,2.779334,2.915590,0.239300,28.644681,0.022277,79.745728,1.257466,6.313735,17.472793,3.862690,2.819677,44.711896,77.800507,3204,6404,6404,3204,2564,2304
100,25,1.107834,2.759252,2.896897,0.212201,41.540881,0.021869,53.147072,3.897508,18.351028,17.887961,4.253033,0.018740,4.831292,51.399858,3204,6404,6404,3204,2564,2304
100,25,1.102739,2.915067,2.941226,0.512956,8.254930,0.101945,60.683880,2.448427,4.962304,2.831190,1.559482,0.011262,45.902182,59.135562,3204,6404,6404,3204,2564,2304
100,25,1.308845,2.926348,2.786066,0.217267,16.793211,0.021748,71.703250,3.578557,10.464488,3.182797,2.299979,0.014587,48.155804,69.250521,3204,6404,6404,3204,2564,2304
100,25,1.083753,2.748808,3.066977,0.296458,19.838254,0.023664,71.464922,1.892640,7.107496,11.381521,1.798742,0.009840,45.113354,69.537302,3204,6404,6404,3204,2564,2304
100,25,1.119324,2.798419,2.890361,0.205139,42.912336,0.024482,121.054887,5.522131,22.330384,14.892048,3.689377,0.017202,72.217259,118.748961,3204,6404,6404,3204,2564,2304
100,25,1.359642,3.553956,2.808417,0.221292,14.868672,0.020931,69.881702,1.595787,11.166711,3.405331,1.956596,0.015761,47.600452,67.322094,3204,6404,6404,3204,2564,2304
100,50,1.113443,2.774905,2.887317,0.179652,16.404926,0.024942,33.983743,1.575124,8.120902,7.292915,2.351525,0.009745,10.235488,31.948881,3204,6404,6404,3204,2564,2304
100,50,1.122310,2.762607,2.836565,0.689985,23.599758,0.023451,37.073191,3.958761,8.852108,10.032098,4.930273,0.022752,3.928350,33.116030,3204,6404,6404,3204,2564,2304
100,50,1.087663,2.785421,2.850406,0.247455,30.305758,0.024061,41.423117,3.173555,13.220956,12.506569,2.401350,0.021651,4.955445,37.601857,3204,6404,6404,3204,2564,2304
100,50,1.147482,2.817066,2.814263,2.596489,19.520489,0.022632,31.894977,2.794507,10.167619,9.150385,2.482506,0.018869,4.503294,29.985206,3204,6404,6404,3204,2564,2304
100,50,1.095472,2.773134,2.775790,1.726665,26.998667,0.022246,38.680980,5.077798,13.709547,9.569287,2.283736,0.017955,4.062968,35.101954,3204,6404,6404,3204,2564,2304
100,50,1.096211,2.810981,3.182514,3.084826,10.519351,0.023565,23.378774,3.097044,8.079489,3.338229,2.521384,0.011492,4.422112,21.834246,3204,6404,6404,3204,2564,2304
100,50,1.326082,4.511712,3.180916,0.296106,20.970017,0.022929,33.019468,3.673910,9.348450,10.682489,2.110889,0.014470,4.302180,30.740521,3204,6404,6404,3204,2564,2304
100,50,1.689969,7.720624,2.988892,0.347224,20.356720,0.023168,35.039118,1.574923,4.511113,8.204335,2.201021,11.270082,4.196762,32.030823,3204,6404,6404,3204,2564,2304
100,50,1.125059,3.823206,3.219839,0.296767,14.524444,0.023151,26.528245,3.515176,9.778996,2.969653,2.112370,0.010243,4.500108,23.933450,3204,6404,6404,3204,2564,2304
100,50,1.308846,2.996435,3.050510,0.312856,17.497308,0.023385,27.311389,3.501196,8.214336,6.484159,1.829597,0.015953,3.835735,24.440453,3204,6404,6404,3204,2564,2304
100,50,1.096536,3.131465,3.033465,0.326678,13.071203,0.023053,23.441653,1.518626,6.050790,4.363784,2.878780,0.021588,5.801909,20.704617,3204,6404,6404,3204,2564,2304
100,50,1.450659,3.031314,3.065417,0.319932,42.572706,0.022084,52.949228,2.697445,9.980336,7.420241,1.186409,24.395123,4.858837,50.611352,3204,6404,6404,3204,2564,2304
100,50,1.777868,3.240883,2.995688,0.423893,8.542270,0.022764,21.021211,1.856683,5.653872,4.067940,1.399550,0.004303,4.522310,19.006744,3204,6404,6404,3204,2564,2304
100,50,4.601002,3.157424,3.608115,0.330540,19.767246,0.023548,37.970370,3.443772,11.926902,8.777042,2.021664,0.013697,4.954508,32.291670,3204,6404,6404,3204,2564,2304
100,50,1.551056,3.303037,3.074727,0.413227,33.743234,0.022957,47.564654,3.704389,16.734266,13.522643,3.338728,0.015149,4.784949,45.136652,3204,6404,6404,3204,2564,2304
100,50,1.103058,3.485640,3.329730,0.283286,45.643063,0.024243,57.319766,3.438091,23.555404,20.245198,2.340075,0.027001,5.269049,55.626489,3204,6404,6404,3204,2564,2304
100,50,1.174115,3.026984,2.993696,0.510253,16.364695,0.025600,27.195405,2.298364,10.259902,5.868884,2.293759,0.017296,4.804968,25.771933,3204,6404,6404,3204,2564,2304
100,50,1.432775,2.738653,3.138242,0.261497,17.405013,0.022836,33.406568,3.623136,9.397255,5.074494,2.422324,0.018455,6.684564,28.411767,3204,6404,6404,3204,2564,2304
100,50,2.718702,4.352347,4.043392,0.239609,17.006116,0.023843,31.081537,3.447964,12.958928,3.156180,2.537282,0.019859,6.111968,28.415778,3204,6404,6404,3204,2564,2304
100,50,1.212046,2.827945,3.635123,0.176861,15.109401,0.023550,31.484432,3.349591,9.591313,3.092244,1.210418,0.010333,5.711318,23.829071,3204,6404,6404,3204,2564,2304
100,50,1.210604,3.590391,3.190214,0.282488,8.117646,0.023716,19.957006,2.303740,4.710574,3.269031,2.146989,0.008094,4.875490,17.846716,3204,6404,6404,3204,2564,2304
100,50,1.513776,3.043994,3.096863,0.301013,30.462253,0.023698,40.779124,3.641094,15.417749,9.768275,5.230501,0.013292,4.106096,38.255638,3204,6404,6404,3204,2564,2304
100,50,1.268408,3.406151,3.156610,0.260294,8.887572,0.022867,24.241918,1.801244,6.280179,2.878891,1.578739,0.008218,8.733248,21.904537,3204,6404,6404,3204,2564,2304
100,50,1.267238,6.517961,2.764559,1.586330,16.442668,0.022459,36.205246,3.874868,13.430481,4.525483,2.980819,0.018479,4.355180,30.561826,3204,6404,6404,3204,2564,2304
100,50,1.167418,3.506083,2.787605,0.214917,12.613249,0.024149,25.304277,1.707590,8.020106,3.089594,2.305627,0.010046,4.559187,21.055523,3204,6404,6404,3204,2564,2304
100,50,1.141807,2.849666,2.759248,0.261539,22.789191,0.023420,38.378615,3.892482,12.025658,7.965718,2.039230,0.013656,4.453640,31.419312,3204,6404,6404,3204,2564,2304
100,50,1.803619,3.522707,2.909339,0.427540,29.625962,0.022514,40.824182,4.332133,14.791258,10.707215,3.032039,0.014834,4.104093,37.337565,3204,6404,6404,3204,2564,2304
100,50,1.101796,2.791665,2.752836,0.264316,24.265503,0.022040,34.689251,3.068332,9.480810,12.751996,2.688292,0.020310,4.074005,33.290155,3204,6404,6404,3204,2564,2304
100,50,1.116622,2.763213,2.786934,0.279858,25.979581,0.022970,38.837537,3.241515,12.135401,10.930129,3.146403,0.023738,4.087669,34.388057,3204,6404,6404,3204,2564,2304
100,50,1.336847,2.842211,3.461874,0.391294,27.689924,0.022961,39.849390,3.447135,13.717385,9.980032,3.546011,0.012217,5.626489,37.538944,3204,6404,6404,3204,2564,2304
100,75,1.121027,2.837148,2.778895,0.266111,35.968413,0.023594,46.022016,3.824141,12.715528,12.792158,3.144220,5.947090,3.911205,43.253098,3204,6404,6404,3204,2564,2304
100,75,1.109090,2.791296,2.846985,0.219695,30.804137,0.024660,43.321390,2.853992,10.530561,13.387653,2.929550,0.023186,6.541105,36.366108,3204,6404,6404,3204,2564,2304
100,75,5.759260,2.870276,2.859437,0.267476,28.361079,0.023483,44.536750,3.792823,13.391114,15.260572,2.462408,0.056946,6.370834,41.458436,3204,6404,6404,3204,2564,2304
100,75,1.095289,2.899929,2.762134,0.341983,32.969969,0.028288,44.442680,1.500823,4.739826,13.916702,1.902279,10.652653,8.076981,41.282854,3204,6404,6404,3204,2564,2304
100,75,1.101111,2.777972,2.802981,0.310656,33.002387,0.022930,43.335716,4.546699,12.612814,14.449180,4.737134,0.017827,4.138075,41.553959,3204,6404,6404,3204,2564,2304
100,75,1.278166,3.123960,2.803964,0.904588,27.766404,0.024478,39.229512,7.796948,12.251532,9.102932,3.048404,0.015591,3.961690,37.348789,3204,6404,6404,3204,2564,2304
100,75,1.141060,2.957490,4.468229,0.325467,31.067945,0.025278,45.048023,3.052716,11.370215,13.653003,3.791100,0.014139,9.782511,43.213656,3204,6404,6404,3204,2564,2304
100,75,1.111793,3.840208,3.152056,0.371498,28.153890,0.023173,40.702193,5.891382,12.973293,10.910105,3.314615,0.017713,3.833782,38.771133,3204,6404,6404,3204,2564,2304
100,75,1.648516,3.783583,3.099435,0.270592,30.949895,0.023610,44.941744,3.521963,14.565938,13.237019,2.892760,0.017774,5.862800,41.272473,3204,6404,6404,3204,2564,2304
100,75,1.538780,3.074899,2.997367,0.356982,15.489828,0.023330,26.535141,3.517938,8.940572,4.139508,1.906068,0.016707,4.327050,24.148145,3204,6404,6404,3204,2564,2304
100,75,1.446704,3.487869,3.011199,0.301211,32.566201,0.023336,50.309248,5.946233,14.161080,12.950879,2.659438,0.015386,10.305053,47.027402,3204,6404,6404,3204,2564,2304
100,75,1.581249,3.126419,3.205676,0.412009,29.089233,0.023749,40.799781,5.092800,13.043392,11.830981,4.831858,0.027291,2.722281,37.970082,3204,6404,6404,3204,2564,2304
100,75,1.654128,2.834993,3.202191,0.310848,28.956693,0.077959,40.012356,4.413547,13.768973,12.418692,2.694270,0.018454,4.789291,38.230825,3204,6404,6404,3204,2564,2304
100,75,1.390240,3.331683,3.124361,0.267644,31.171254,0.024065,42.869950,2.288779,4.290161,12.082378,2.630486,11.335062,4.770607,38.455528,3204,6404,6404,3204,2564,2304
100,75,1.305939,3.395759,3.159567,0.286209,30.258149,0.024259,43.213248,6.784578,12.180594,12.776032,3.343002,0.020280,4.556295,41.030219,3204,6404,6404,3204,2564,2304
100,75,1.182817,2.793829,2.799625,0.288103,24.855246,0.023430,35.013674,2.935270,10.754977,11.471228,2.468941,0.016990,5.389625,33.193510,3204,6404,6404,3204,2564,2304
100,75,1.099845,2.770323,3.050868,0.247844,26.847608,0.023791,38.052724,4.011895,11.412244,11.907516,2.422830,0.016088,4.837937,35.785659,3204,6404,6404,3204,2564,2304
100,75,1.232494,2.753752,4.187826,0.268779,27.178267,0.025820,45.332608,5.209009,15.446840,5.383426,2.303683,0.024207,10.622334,41.167568,3204,6404,6404,3204,2564,2304
100,75,1.259198,3.042553,3.239927,0.364598,23.942208,0.024200,36.777132,3.292721,12.548229,9.832211,1.443687,0.025807,5.459018,35.008711,3204,6404,6404,3204,2564,2304
100,75,1.288721,3.193026,2.806571,0.409591,19.551164,0.024921,29.818016,3.490602,9.055739,8.210972,2.531470,0.019460,4.390159,27.822217,3204,6404,6404,3204,2564,2304
100,75,1.471983,7.892260,2.783646,0.292778,47.396462,0.025356,64.824075,6.946048,26.946231,12.509688,3.277764,0.017089,6.985958,56.987112,3204,6404,6404,3204,2564,2304
100,75,1.100105,2.799394,2.853971,0.543138,41.073976,0.023186,50.696282,8.061355,16.669976,13.774675,3.876443,0.022253,3.971959,46.724975,3204,6404,6404,3204,2564,2304
100,75,1.109525,2.971889,2.811577,0.586717,45.604374,0.023889,59.186459,5.830854,22.561810,16.913889,4.065523,0.021133,4.507112,56.538144,3204,6404,6404,3204,2564,2304
100,75,1.130382,2.908928,2.868780,0.266679,38.927233,0.023922,50.742947,3.733630,17.815850,15.553628,4.568370,0.024353,3.742535,47.022395,3204,6404,6404,3204,2564,2304
100,75,1.131884,3.079734,2.792092,0.155316,37.346988,0.023484,49.897737,3.758394,16.813817,17.090589,3.034890,0.300841,6.083351,48.007115,3204,6404,6404,3204,2564,2304
100,75,1.193489,2.862040,3.110594,0.251827,32.211650,0.023177,44.158648,4.808469,14.213623,12.730410,3.847064,0.018763,5.080408,42.210483,3204,6404,6404,3204,2564,2304
100,75,1.113360,2.845013,3.005905,0.319432,28.996548,0.023671,38.791785,4.082393,11.233738,14.115404,1.992661,0.019423,4.676643,36.639096,3204,6404,6404,3204,2564,2304
100,75,1.092697,2.741224,2.755908,0.226431,27.223617,0.023847,36.631228,5.208908,12.064192,10.137945,2.623956,0.012712,3.862730,34.355435,3204,6404,6404,3204,2564,2304
100,75,1.613936,2.731911,2.777132,0.222458,26.501560,0.024021,38.035558,3.175052,13.369878,11.257032,2.501848,0.016224,4.957982,36.274654,3204,6404,6404,3204,2564,2304
100,75,1.249129,2.780492,4.106849,0.241914,23.837944,0.023925,36.329201,2.796923,9.924118,10.978198,2.819658,0.028209,6.748025,34.399264,3204,6404,6404,3204,2564,2304
200,0,2.360100,6.136517,5.620726,0.245789,49.321103,0.078133,67.718046,6.351620,22.020576,24.754236,1.949334,0.021021,8.749193,65.511160,6404,12804,12804,6404,2564,2304
200,0,2.211684,5.553837,5.765993,0.287483,58.359673,0.066274,74.853712,7.752671,27.223854,27.843120,2.660579,0.042387,6.621867,73.064619,6404,12804,12804,6404,2564,2304
200,0,2.214027,5.605015,5.708022,0.528651,50.748461,0.066735,67.492641,8.532186,23.003297,23.409595,3.273445,0.030783,6.451332,64.872790,6404,12804,12804,6404,2564,2304
200,0,2.282937,5.557559,5.689359,0.500924,48.869827,0.067193,66.254739,6.632810,24.960107,20.186238,2.306790,0.024171,6.828826,62.357837,6404,12804,12804,6404,2564,2304
200,0,2.182928,5.628582,5.821833,0.277835,54.635760,0.087507,71.781727,8.613771,26.683129,22.582418,3.634168,0.031355,6.911675,69.594338,6404,12804,12804,6404,2564,2304
200,0,2.275290,5.522724,5.625643,0.522259,48.515487,0.066265,65.493751,6.901328,19.844342,23.891263,5.164622,0.019108,6.407247,62.401828,6404,12804,12804,6404,2564,2304
200,0,2.678185,10.858453,6.726932,0.328270,39.670018,0.066316,62.874269,9.229450,18.110700,21.747941,2.732876,0.023535,7.387704,60.121347,6404,12804,12804,6404,2564,2304
200,0,2.204282,5.558697,5.729179,0.259891,45.017190,0.067508,62.071960,7.785607,26.441157,14.601180,2.457837,0.023680,6.770635,59.474185,6404,12804,12804,6404,2564,2304
200,0,2.360858,6.484544,5.659462,0.314444,41.962982,0.066345,59.104262,6.306300,17.718649,20.862091,5.272953,0.012012,6.740232,57.303930,6404,12804,12804,6404,2564,2304
200,0,2.298858,5.620154,8.228524,0.298857,26.603409,0.066778,47.686402,4.618447,16.540268,9.395756,4.310523,0.016280,10.949101,45.982953,6404,12804,12804,6404,2564,2304
200,0,2.211835,5.530265,5.585198,0.350554,53.555342,0.066985,70.496304,9.631300,25.230766,22.916441,2.021669,0.034534,6.921285,67.960313,6404,12804,12804,6404,2564,2304
200,0,2.157683,5.499472,5.700629,0.410499,50.443209,0.072060,66.185530,7.276707,26.238654,21.306335,2.877214,0.018869,6.100626,64.018337,6404,12804,12804,6404,2564,2304
200,0,2.402021,7.892537,6.161748,0.338860,20.389507,0.066823,40.468487,4.671193,15.929261,5.903614,1.259391,0.011541,6.787980,36.154327,6404,12804,12804,6404,2564,2304
200,0,2.797256,6.377677,6.064374,0.315870,54.119841,0.066391,76.277942,8.159096,30.857867,21.209987,2.566248,0.024517,8.911062,74.133418,6404,12804,12804,6404,2564,2304
200,0,2.489050,6.827154,6.152895,0.311795,50.384940,0.066277,69.300824,9.734681,22.817635,24.116600,1.078923,0.015682,7.463741,66.327041,6404,12804,12804,6404,2564,2304
200,0,2.558039,6.736636,7.189847,0.392110,24.812341,0.066642,43.503865,6.357896,13.090503,11.158999,3.061265,0.011373,7.586612,41.353459,6404,12804,12804,6404,2564,2304
200,0,2.372526,6.378803,6.262499,0.346314,26.833012,0.066776,43.569294,5.527421,19.254597,6.110155,3.584093,0.021996,6.889916,41.592737,6404,12804,12804,6404,2564,2304
200,0,2.232690,6.331790,5.976102,0.273069,36.610429,0.066484,52.903473,9.256010,24.259886,8.879548,0.948817,0.014502,6.460318,49.919547,6404,12804,12804,6404,2564,2304
200,0,2.344563,6.698521,5.833273,0.581925,35.056851,0.066213,52.302910,4.451479,17.536415,19.079960,2.794842,0.014483,6.491262,50.419377,6404,12804,12804,6404,2564,2304
200,0,2.191058,5.535740,6.007816,0.263814,47.957080,0.066346,65.830635,12.640076,16.775889,21.490418,3.333413,0.014358,8.427214,62.860595,6404,12804,12804,6404,2564,2304
200,0,2.427351,6.109577,8.244624,0.370208,43.533470,0.066414,64.900444,6.954698,18.356270,23.863664,2.602121,0.022192,11.777779,63.766341,6404,12804,12804,6404,2564,2304
200,0,2.218544,5.501264,5.722407,0.365694,49.544681,0.066696,65.545203,6.891723,23.139282,24.104937,2.356080,0.020844,6.847962,63.461169,6404,12804,12804,6404,2564,2304
200,0,2.274309,5.796400,5.676172,5.162120,41.336148,0.066790,64.172645,7.643257,23.960860,17.828949,3.021866,0.022011,6.810271,60.674775,6404,12804,12804,6404,2564,2304
200,0,2.249703,5.505352,5.809758,0.304510,31.062294,0.066952,46.950401,6.053747,9.524275,18.065568,4.451292,0.009334,6.793286,45.327597,6404,12804,12804,6404,2564,2304
200,0,2.308211,5.701711,5.891285,0.324095,33.729861,0.066571,50.401016,6.790008,16.420806,6.144834,3.032931,0.019559,7.021136,39.860877,6404,12804,12804,6404,2564,2304
200,0,2.206619,5.782344,6.205567,5.152469,48.861730,0.066160,71.248904,9.216758,25.320417,23.249031,2.880077,0.017386,8.042233,68.886350,6404,12804,12804,6404,2564,2304
200,0,2.162901,5.506409,5.526083,0.618363,37.134052,0.066033,53.808443,6.798439,16.742623,18.527531,2.310031,0.021167,6.581812,51.958154,6404,12804,12804,6404,2564,2304
200,0,2.210905,5.994589,6.666242,5.127474,19.917172,0.066255,41.129383,7.657365,14.451406,6.315157,2.857892,0.013022,7.880047,39.213992,6404,12804,12804,6404,2564,2304
200,0,2.198304,5.549090,5.588662,0.379026,53.781915,0.066123,70.156149,8.161201,26.483981,22.220318,2.265823,0.025227,6.538299,66.541280,6404,12804,12804,6404,2564,2304
200,0,2.208756,5.569086,5.796905,0.319908,51.142708,0.066416,67.462180,6.953869,24.551053,22.993910,3.471608,0.026887,6.947953,65.542728,6404,12804,12804,6404,2564,2304
200,25,2.188961,5.497836,5.675895,0.222552,59.970948,0.072814,79.291903,9.281317,28.283287,25.609994,3.058859,0.019850,7.659232,76.839855,6404,12804,12804,6404,2564,2304
200,25,2.245914,5.988980,5.695417,0.217346,52.229535,0.072359,72.828729,5.619404,24.308316,22.174623,3.491971,0.012997,10.046684,65.858535,6404,12804,12804,6404,2564,2304
200,25,2.244959,5.720829,5.796713,0.299345,53.553131,0.072476,71.082704,7.522838,26.047606,24.223484,3.396618,0.022314,7.971235,69.285816,6404,12804,12804,6404,2564,2304
200,25,2.246539,5.602576,5.681302,0.356194,18.477201,0.072979,40.607194,4.188404,12.044731,5.761447,3.466728,0.010946,12.648038,38.204525,6404,12804,12804,6404,2564,2304
200,25,2.200586,5.735354,5.674475,0.477500,30.844823,0.072743,48.912137,5.972318,15.980054,11.759253,2.620990,0.015645,7.876458,45.140640,6404,12804,12804,6404,2564,2304
200,25,2.216281,5.635217,6.283204,2.764133,20.235407,0.079639,78.675723,3.326764,14.988727,8.560529,2.918845,0.014541,44.072986,75.118393,6404,12804,12804,6404,2564,2304
200,25,2.170575,5.658014,5.640785,1.529497,43.240851,0.073769,64.235630,7.146133,26.235013,15.318288,1.812433,0.017415,8.126771,61.662325,6404,12804,12804,6404,2564,2304
200,25,2.190383,5.652958,5.843590,0.200205,30.515654,0.073270,46.807861,3.425504,15.252985,15.721648,2.462384,0.015924,7.362720,44.654239,6404,12804,12804,6404,2564,2304
200,25,2.227122,5.539234,5.540349,0.287774,30.133177,0.072665,48.988168,6.406724,17.882018,11.218217,1.584659,0.022769,9.195040,47.304280,6404,12804,12804,6404,2564,2304
200,25,2.243108,5.616933,5.619576,0.324948,38.507362,0.073177,58.023470,7.568604,15.987503,19.297749,2.815045,0.010179,8.558232,55.545670,6404,12804,12804,6404,2564,2304
200,25,2.341583,5.540064,5.935961,0.268607,34.992096,0.075806,52.902905,6.916838,24.045092,9.343379,1.296474,0.023378,8.132614,50.994756,6404,12804,12804,6404,2564,2304
200,25,2.274986,5.619874,5.665171,0.832689,25.118500,0.074622,43.969697,4.816943,14.755735,10.314058,4.280846,0.016149,6.248897,41.937360,6404,12804,12804,6404,2564,2304
200,25,2.202749,5.545712,5.611146,0.322213,58.574122,0.073115,76.730457,7.591704,26.372227,27.452330,2.973033,0.014236,7.528984,73.738728,6404,12804,12804,6404,2564,2304
200,25,2.180120,5.504801,10.627394,0.302398,16.875597,0.129573,39.003840,3.952178,11.136018,6.183021,0.866589,0.011399,14.342357,37.259091,6404,12804,12804,6404,2564,2304
200,25,2.221004,5.502400,6.908033,0.290354,26.754555,0.074384,45.319131,5.521051,14.922576,10.728512,2.594509,0.022560,9.240240,43.750897,6404,12804,12804,6404,2564,2304
200,25,2.255802,5.600054,5.248883,0.239397,54.829865,0.069493,71.218433,8.129474,20.988686,18.858735,4.857836,0.015376,6.769884,60.293628,6404,12804,12804,6404,2564,2304
200,25,2.118734,5.244526,5.343459,0.290613,15.604700,0.071555,33.972835,2.632495,9.249573,7.902658,2.237826,0.012053,9.063528,32.163550,6404,12804,12804,6404,2564,2304
200,25,2.204156,5.327895,5.076822,0.500425,42.020803,0.086015,101.828885,5.822890,20.011111,19.442437,3.323951,0.021009,49.116524,98.926604,6404,12804,12804,6404,2564,2304
200,25,2.198146,5.531202,5.373410,0.386421,25.042252,0.075344,45.413151,3.561183,12.506005,9.119112,4.852512,0.013831,11.342965,41.474518,6404,12804,12804,6404,2564,2304
200,25,2.727462,8.598779,5.188839,0.412569,29.528465,0.065457,51.065804,4.305350,14.247201,19.391754,1.782604,0.021206,8.020832,48.915046,6404,12804,12804,6404,2564,2304
200,25,2.256131,5.539383,5.090473,2.223860,45.246359,0.065678,64.112025,6.336140,22.706282,22.672760,2.843787,0.019094,6.988643,62.437955,6404,12804,12804,6404,2564,2304
200,25,2.160151,5.315342,5.422335,1.022377,45.313601,0.069063,61.091323,6.490092,22.272473,22.136907,2.562978,0.017552,6.123574,59.724554,6404,12804,12804,6404,2564,2304
200,25,2.086239,5.293074,5.157908,0.416835,43.404926,0.067860,59.099274,9.177622,20.309641,18.342899,2.080433,0.018026,7.175510,57.187662,6404,12804,12804,6404,2564,2304
200,25,2.068937,5.205240,5.344887,0.315173,32.071736,0.065354,47.833508,5.288260,17.951931,12.985367,2.186067,0.031575,7.503921,46.010099,6404,12804,12804,6404,2564,2304
200,25,2.091481,5.247927,5.568757,0.307573,27.041359,0.070539,43.920349,3.804315,10.290595,13.255173,4.150105,0.011225,9.412964,41.690713,6404,12804,12804,6404,2564,2304
200,25,2.083825,5.386110,5.152311,0.380349,25.362777,0.069602,42.075480,4.964520,10.999774,12.632166,2.175917,0.013469,7.401077,39.054152,6404,12804,12804,6404,2564,2304
200,25,2.135019,5.308376,5.642083,6.841057,26.712714,0.073632,50.548868,6.245227,17.275965,13.880034,2.167125,0.015878,7.165871,48.472381,6404,12804,12804,6404,2564,2304
200,25,2.131873,5.652196,5.225341,0.675813,32.438849,0.070324,51.896686,5.743895,17.739369,14.352723,1.964978,0.017446,9.361217,49.972786,6404,12804,12804,6404,2564,2304
200,25,2.308190,5.786250,6.095553,0.775542,40.198958,0.065304,59.665156,7.042774,25.406030,13.227023,1.129547,0.027144,8.447820,56.666894,6404,12804,12804,6404,2564,2304
200,25,2.105387,5.328720,5.881568,0.390399,18.994068,0.069799,36.139133,4.221346,12.476713,6.349138,2.163074,0.008308,7.564497,33.626623,6404,12804,12804,6404,2564,2304
200,50,2.675006,5.581450,6.371746,0.523776,22.351773,0.074360,43.607070,7.520110,7.123531,14.158327,1.387888,0.010555,10.272000,40.806024,6404,12804,12804,6404,2564,2304
200,50,4.000449,7.887818,5.146455,0.272135,22.148463,0.071027,42.205505,5.797938,16.254962,8.890371,4.851795,0.026594,4.375309,40.310176,6404,12804,12804,6404,2564,2304
200,50,6.864603,5.689924,5.132240,2.781677,31.922401,0.070863,55.719710,4.598539,16.176902,21.162052,2.105565,0.012237,6.868294,51.997229,6404,12804,12804,6404,2564,2304
200,50,2.013117,5.061103,5.509426,0.320136,30.273644,0.073311,47.488486,2.880284,11.674901,11.557293,2.958792,0.011989,7.574295,38.145375,6404,12804,12804,6404,2564,2304
200,50,2.320203,5.129388,5.083543,0.582055,32.318497,0.070821,50.191306,6.948367,21.548252,8.795197,2.141347,0.020134,7.265006,47.910497,6404,12804,12804,6404,2564,2304
200,50,2.222189,5.375014,6.638104,1.065996,31.651653,0.070415,51.092240,6.569454,20.107720,10.143738,2.277794,0.024764,9.265923,49.426899,6404,12804,12804,6404,2564,2304
200,50,4.890394,12.438734,5.452181,0.528804,31.045795,0.067442,59.612266,7.683865,19.690185,16.525893,2.856057,0.023178,7.893898,56.043532,6404,12804,12804,6404,2564,2304
200,50,2.102968,5.456399,5.273011,0.365073,33.013834,0.068563,50.767039,8.656190,21.788724,6.483604,3.543033,0.019325,7.269935,49.058846,6404,12804,12804,6404,2564,2304
200,50,2.169978,5.372850,5.073222,6.422830,46.346812,0.068256,69.252385,7.283999,22.684098,18.628546,2.717853,0.021930,6.929112,59.396073,6404,12804,12804,6404,2564,2304
200,50,2.201895,5.591118,5.319936,0.362418,40.383448,0.072399,57.492468,6.716573,23.088534,15.522538,2.012889,0.031258,6.943445,55.504980,6404,12804,12804,6404,2564,2304
200,50,2.077093,5.308765,5.093934,0.311408,35.381658,0.071170,50.775069,7.233473,25.099638,7.663266,1.176672,0.018858,6.466671,48.988061,6404,12804,12804,6404,2564,2304
200,50,2.118368,5.414418,5.648866,0.951093,46.618431,0.071343,62.898781,8.685452,21.186176,19.638429,4.384155,0.024045,6.859134,60.897084,6404,12804,12804,6404,2564,2304
200,50,2.489867,6.324605,5.876080,0.339446,41.600538,0.069468,59.554505,6.698847,20.719567,19.162833,2.159829,0.025664,7.476448,56.944847,6404,12804,12804,6404,2564,2304
200,50,2.478532,5.718146,5.306922,0.291316,19.580936,0.073445,68.496210,4.596442,11.845349,8.519173,1.796478,0.016615,33.706171,61.209373,6404,12804,12804,6404,2564,2304
200,50,2.841424,6.690140,6.173263,0.476464,40.107569,0.074593,61.457999,5.237118,20.690557,20.618987,2.992051,0.028227,8.296332,59.270145,6404,12804,12804,6404,2564,2304
200,50,2.929836,6.208789,6.519238,0.303658,20.177761,0.126203,38.834419,4.048066,14.634423,7.742093,1.888692,0.011966,8.400294,36.810821,6404,12804,12804,6404,2564,2304
200,50,2.329775,5.839443,5.630629,0.365291,20.669453,0.069111,37.768193,4.275099,11.054583,10.612574,2.654686,0.014572,6.983690,36.075269,6404,12804,12804,6404,2564,2304
200,50,2.508648,7.055472,5.549111,0.304438,17.062761,0.067199,34.929375,4.921138,14.096506,5.942996,1.179698,0.017316,7.482784,33.870266,6404,12804,12804,6404,2564,2304
200,50,2.120378,6.138193,5.646039,0.371700,16.873078,0.071202,33.502572,4.745714,11.252558,6.590359,1.202150,0.008188,7.227839,31.498138,6404,12804,12804,6404,2564,2304
200,50,2.139187,5.632556,5.474295,0.369796,14.315036,0.077201,29.932628,4.606374,10.126894,5.630649,1.894606,0.011258,6.106840,28.589581,6404,12804,12804,6404,2564,2304
200,50,2.360769,5.820647,5.435835,0.356201,9.754012,0.070367,26.540144,2.509292,7.274047,6.422084,1.167623,0.009968,6.966836,25.305768,6404,12804,12804,6404,2564,2304
200,50,2.326415,5.378979,10.211247,0.275714,16.977522,0.070883,39.926064,2.929565,11.366535,5.853316,1.046112,0.007992,11.636425,35.468052,6404,12804,12804,6404,2564,2304
200,50,2.453851,5.782814,5.844718,0.356923,22.975268,0.071257,40.623278,3.140632,13.281002,12.998353,1.597552,0.012154,7.551166,39.244096,6404,12804,12804,6404,2564,2304
200,50,2.676237,6.173490,5.685609,0.338530,23.050776,0.071861,44.249836,4.557530,16.969835,6.099543,1.193887,0.013043,8.006692,40.405275,6404,12804,12804,6404,2564,2304
200,50,2.753534,5.993908,5.857827,0.296319,24.041673,0.074466,41.523900,3.672256,17.546304,9.391992,1.156750,0.013010,7.985025,39.875832,6404,12804,12804,6404,2564,2304
200,50,2.294663,6.146450,5.692981,0.296624,17.581861,0.079515,35.675836,3.105109,6.906835,13.959960,0.914169,0.010135,8.086909,34.422622,6404,12804,12804,6404,2564,2304
200,50,2.248470,6.125013,5.513402,0.382029,20.216753,0.071056,37.456119,6.467661,14.435094,5.537547,0.542239,0.016851,7.566308,35.413573,6404,12804,12804,6404,2564,2304
200,50,2.187611,7.476159,5.116602,0.892364,18.534336,0.071138,42.556891,6.238112,14.193977,6.432293,0.301837,0.011959,8.149927,36.477122,6404,12804,12804,6404,2564,2304
200,50,2.028426,5.233833,6.956479,0.504107,20.816271,0.071580,38.151562,3.593218,12.818848,5.889841,2.061068,0.019201,11.529334,36.019959,6404,12804,12804,6404,2564,2304
200,50,2.152240,5.373306,5.460855,0.268112,9.111548,0.070999,27.113388,2.278429,5.966757,5.950194,0.417148,0.009326,8.545535,24.125815,6404,12804,12804,6404,2564,2304
200,75,2.179652,8.542579,5.477433,0.360422,11.678634,0.072509,38.261744,4.251459,10.651373,5.862080,0.306364,0.013807,7.815986,32.211221,6404,12804,12804,6404,2564,2304
200,75,2.134651,5.421093,6.137985,0.336296,13.170941,0.082258,31.624981,4.115213,8.954340,5.528801,0.618551,0.022667,9.710946,29.853079,6404,12804,12804,6404,2564,2304
200,75,2.085427,5.348731,5.130347,0.404429,24.919794,0.076794,44.787125,4.007500,15.107252,11.450886,0.587368,0.020625,8.340424,41.164218,6404,12804,12804,6404,2564,2304
200,75,2.174724,5.449697,5.178737,0.622415,22.430241,0.075960,39.561313,6.978395,11.424412,8.358333,0.963401,0.014509,7.081807,36.336657,6404,12804,12804,6404,2564,2304
200,75,2.085436,5.409065,5.119081,0.357971,27.948694,0.074766,49.463460,3.500098,12.622933,16.770764,0.635260,0.021028,8.650404,43.902965,6404,12804,12804,6404,2564,2304
200,75,2.108357,5.306611,5.327724,0.381219,26.589080,0.076876,49.370327,4.319295,13.236112,14.104933,0.487003,0.007831,7.748693,46.886377,6404,12804,12804,6404,2564,2304
200,75,2.177037,12.940929,5.806705,0.469570,13.697615,0.077030,40.579338,3.786050,16.795013,6.259396,0.544929,0.020711,8.608820,38.482273,6404,12804,12804,6404,2564,2304
200,75,2.331244,5.970740,5.706370,0.303557,20.973432,0.076620,67.629872,3.084868,14.531664,9.326919,2.265361,0.018475,36.405419,66.265471,6404,12804,12804,6404,2564,2304
200,75,2.493542,5.401292,5.886451,0.393736,18.575241,0.071879,35.921883,2.560785,9.224873,11.999061,1.942170,1.377014,7.206647,35.083419,6404,12804,12804,6404,2564,2304
200,75,2.690467,5.752822,5.597018,0.395503,26.226507,0.132650,78.358100,6.389036,19.428788,6.633941,0.946871,0.023589,42.380334,76.923637,6404,12804,12804,6404,2564,2304
200,75,2.252434,6.012176,5.585631,0.280912,21.594299,0.075776,39.032377,3.570376,11.997008,8.044807,1.841395,3.293020,7.413495,36.798125,6404,12804,12804,6404,2564,2304
200,75,2.573259,6.555325,9.887399,0.311986,14.917947,0.071697,37.717715,4.023350,12.133305,6.218395,0.629188,0.013859,12.290250,36.196364,6404,12804,12804,6404,2564,2304
200,75,2.125839,6.118380,5.869917,0.305605,17.245401,0.071850,75.524731,3.103356,7.923700,11.559520,2.257587,0.014187,48.646512,74.420447,6404,12804,12804,6404,2564,2304
200,75,2.554991,5.898294,5.586546,0.371633,15.471534,0.071952,33.185855,2.049404,5.286122,5.686762,1.235938,0.005437,7.376467,22.592732,6404,12804,12804,6404,2564,2304
200,75,2.394232,6.244640,5.536947,0.397295,35.534519,0.070309,61.415821,10.020367,23.588721,7.737490,1.020157,0.016507,7.781527,55.170990,6404,12804,12804,6404,2564,2304
200,75,2.581267,6.173938,5.916039,0.521253,24.790984,0.072108,45.047530,3.196272,17.511336,5.643971,1.847174,0.011430,9.760358,39.050095,6404,12804,12804,6404,2564,2304
200,75,2.367063,5.843560,5.425939,0.325336,14.760900,0.078050,32.118354,7.355097,8.282693,5.663959,0.798166,0.018246,7.807881,30.671994,6404,12804,12804,6404,2564,2304
200,75,2.392011,6.314628,5.507672,0.426625,22.915068,0.085994,40.013376,2.884419,13.734248,10.657126,1.243526,0.009587,9.723305,38.354954,6404,12804,12804,6404,2564,2304
200,75,2.582565,5.675575,5.490267,0.257467,10.557386,0.072435,27.904763,2.428310,6.552794,5.741258,3.598913,0.004995,7.393425,26.449657,6404,12804,12804,6404,2564,2304
200,75,2.487722,6.088875,5.920444,0.266734,13.983130,0.127954,76.371185,3.231555,9.071633,5.417446,2.180572,0.017575,51.727911,73.594084,6404,12804,12804,6404,2564,2304
200,75,2.370139,5.761075,5.708770,0.278110,23.100147,0.074538,87.892743,4.308746,18.362002,6.131236,0.527481,0.019530,55.627942,86.204532,6404,12804,12804,6404,2564,2304
200,75,2.440225,6.296146,5.716830,0.292251,10.815923,0.072841,28.275937,3.358698,9.606321,5.443087,0.342136,0.012602,8.040972,26.899734,6404,12804,12804,6404,2564,2304
200,75,2.300582,5.819913,5.818530,0.325710,7.775387,0.072497,24.724494,2.429712,6.668065,5.525906,0.179966,0.005589,8.523423,23.462062,6404,12804,12804,6404,2564,2304
200,75,2.370183,5.721308,5.803320,0.267715,10.855899,0.071785,31.687369,3.040393,8.821722,5.733504,0.719434,0.008780,8.349959,29.050511,6404,12804,12804,6404,2564,2304
200,75,2.103334,5.612109,5.928186,0.479667,26.965494,0.068466,44.183622,6.611592,17.819060,5.775747,0.956057,0.010224,7.479926,39.613520,6404,12804,12804,6404,2564,2304
200,75,2.472308,6.363136,7.223153,0.388597,11.700869,0.068155,31.267685,3.149151,10.497797,5.230296,0.952196,0.007435,9.578968,29.959052,6404,12804,12804,6404,2564,2304
200,75,2.209919,5.538546,5.472743,0.294685,13.840601,0.072387,31.746779,4.202966,9.544593,5.649121,0.325660,0.008451,8.372969,29.063534,6404,12804,12804,6404,2564,2304
200,75,2.513098,6.094312,10.443900,0.418146,9.710320,0.069491,32.296608,2.643562,8.080854,6.183887,0.356422,0.011948,13.447344,30.830119,6404,12804,12804,6404,2564,2304
200,75,2.196683,5.390637,5.333973,0.472831,9.645376,0.072935,36.398496,2.495667,6.843869,5.573036,0.710063,0.013319,9.395336,31.548748,6404,12804,12804,6404,2564,2304
200,75,3.448217,5.216272,5.215591,0.277967,22.550590,0.068858,38.605861,3.745487,15.169099,9.658387,0.888168,0.019607,7.152881,36.733549,6404,12804,12804,6404,2564,2304
300,0,3.185381,8.078977,9.181506,0.340612,17.978215,0.140624,40.507237,3.870398,10.907244,11.499353,0.619534,0.015026,10.847781,37.796516,9604,19204,19204,9604,2564,2304
300,0,3.194311,7.954577,8.843684,0.300797,12.742963,0.141140,37.046816,3.678058,10.191939,8.202597,0.645127,0.013612,12.204792,35.122357,9604,19204,19204,9604,2564,2304
300,0,4.103131,8.746799,9.410922,2.222319,18.485216,0.364630,45.659651,3.933602,10.878016,13.329295,1.899765,0.024107,12.053889,42.164391,9604,19204,19204,9604,2564,2304
300,0,3.166709,8.159291,8.023939,4.425526,12.916663,0.146503,39.463308,4.232133,11.571995,9.923591,0.620620,0.017354,10.901485,37.310479,9604,19204,19204,9604,2564,2304
300,0,3.216514,8.115005,7.983395,0.311301,27.058138,0.146712,48.308232,3.696858,9.753695,22.138740,0.718749,0.682152,9.679675,46.769597,9604,19204,19204,9604,2564,2304
300,0,3.260977,8.189822,10.258557,0.427699,23.562962,0.141033,47.827623,5.332666,19.124932,8.495868,0.538283,0.026166,12.481540,46.042468,9604,19204,19204,9604,2564,2304
300,0,3.177150,8.751205,8.346045,4.555230,23.733315,0.145950,50.329709,4.906214,17.617814,13.664050,1.240882,0.026282,10.637299,48.183224,9604,19204,19204,9604,2564,2304
300,0,3.316401,8.241312,7.770866,0.347333,28.698154,0.134048,50.879349,6.583917,21.401739,8.103589,0.618847,0.026273,11.569084,48.557306,9604,19204,19204,9604,2564,2304
300,0,4.316914,14.496186,10.072001,1.558247,15.920071,0.138786,48.090342,5.330587,19.257494,8.804681,0.419758,0.022859,12.085209,46.012124,9604,19204,19204,9604,2564,2304
300,0,3.656238,10.967607,8.344455,0.537949,23.511663,0.136860,49.944385,6.646833,20.231072,8.749337,2.151761,0.031099,9.161984,48.250590,9604,19204,19204,9604,2564,2304
300,0,3.422560,10.569699,8.751223,0.480975,30.824780,0.140173,55.555899,9.500956,17.020515,15.922472,1.173027,0.014559,9.536073,53.613281,9604,19204,19204,9604,2564,2304
300,0,3.546673,9.501659,8.505810,0.726434,26.106400,0.140013,50.182990,4.659314,16.159597,13.751709,2.115114,0.025798,9.200745,46.368269,9604,19204,19204,9604,2564,2304
300,0,3.478933,8.892465,8.263029,0.430811,22.747989,0.142495,45.558809,7.266945,16.921913,8.470150,1.628282,0.010592,9.256570,43.792335,9604,19204,19204,9604,2564,2304
300,0,3.512843,8.718004,8.531532,0.622859,37.020599,0.134590,60.081410,7.125450,22.266977,8.869330,2.179909,0.025856,8.852012,49.423082,9604,19204,19204,9604,2564,2304
300,0,3.831637,8.653974,8.524702,0.574274,21.987419,0.139666,44.949026,4.341992,11.710270,14.176219,1.475340,2.509969,9.095793,43.465393,9604,19204,19204,9604,2564,2304
300,0,3.806162,8.490011,8.540811,0.529273,19.864885,0.139489,42.500322,5.452952,16.286133,8.606133,1.546603,0.017515,9.123851,41.114635,9604,19204,19204,9604,2564,2304
300,0,3.442870,9.085800,9.047631,0.411870,16.286040,0.145749,40.026736,3.960413,12.294688,9.266292,2.283104,0.010631,10.145298,38.158970,9604,19204,19204,9604,2564,2304
300,0,3.958578,8.346956,8.750389,1.156755,19.405617,0.151664,43.324560,4.276874,9.374894,10.025581,1.777459,0.088488,9.733100,35.438420,9604,19204,19204,9604,2564,2304
300,0,3.192075,10.852870,8.033005,0.491075,18.750205,0.149609,42.886145,5.621850,16.160750,9.137885,1.104292,0.011504,8.899209,41.122132,9604,19204,19204,9604,2564,2304
300,0,3.236325,8.065601,8.292197,0.345174,17.095612,0.140979,38.514439,5.929341,11.976731,8.378883,1.629611,0.008934,8.909000,36.911714,9604,19204,19204,9604,2564,2304
300,0,3.167563,8.346090,9.085958,0.286000,18.993005,0.149124,41.075073,3.653971,10.298039,12.935797,2.054472,0.009345,9.820227,38.972576,9604,19204,19204,9604,2564,2304
300,0,3.175072,7.888182,8.262711,0.317479,19.656542,0.160459,40.970423,4.146552,11.858988,12.153314,1.477239,0.016552,9.621301,39.567757,9604,19204,19204,9604,2564,2304
300,0,3.187428,8.072778,7.784722,0.202603,18.163293,0.142125,38.536431,4.111597,13.511528,9.264426,1.682880,0.100139,8.510934,37.261943,9604,19204,19204,9604,2564,2304
300,0,3.871380,12.483325,8.058115,0.332676,17.652879,0.146724,43.898705,5.370931,17.721493,8.666075,1.430834,0.011999,8.956405,42.314863,9604,19204,19204,9604,2564,2304
300,0,3.264707,8.080623,12.718607,0.423179,23.614727,0.144232,49.933838,4.376359,17.510859,9.632602,2.258402,0.015585,13.852500,47.708264,9604,19204,19204,9604,2564,2304
300,0,3.199606,8.154951,9.193220,2.619633,24.139893,0.163417,48.760141,7.410670,19.513358,8.376820,1.557465,0.015878,10.018154,46.975760,9604,19204,19204,9604,2564,2304
300,0,3.440943,13.702727,8.698832,0.742667,16.463039,0.139930,44.338858,6.217540,15.274634,10.220302,1.425560,0.011538,9.294477,42.521695,9604,19204,19204,9604,2564,2304
300,0,4.005707,8.784942,10.025328,0.552310,20.721845,0.140489,45.385548,5.222291,13.100435,9.609551,1.718570,0.009612,13.986428,43.727956,9604,19204,19204,9604,2564,2304
300,0,7.227879,10.556861,7.815394,0.397809,12.778405,0.149230,40.333417,4.534616,15.314803,8.566112,1.282932,0.012502,8.695835,38.568348,9604,19204,19204,9604,2564,2304
300,0,11.965007,8.353944,7.732781,0.639292,11.887908,0.133826,41.953063,3.423091,9.145103,9.308324,1.613945,8.010161,8.337557,40.002979,9604,19204,19204,9604,2564,2304
300,25,3.184182,7.892507,7.864245,0.287677,16.527282,0.161176,38.688582,4.915784,12.410007,8.287290,1.233770,0.009115,9.631884,36.954777,9604,19204,19204,9604,2564,2304
300,25,3.244036,7.952914,8.416876,7.300798,25.450391,0.159914,55.052246,4.030837,15.684363,13.605170,1.933198,0.014873,10.253879,45.955444,9604,19204,19204,9604,2564,2304
300,25,3.190408,8.222085,8.097232,0.312196,20.403786,0.159045,45.026488,4.190260,14.461166,9.048058,2.141287,0.016556,10.338865,41.899139,9604,19204,19204,9604,2564,2304
300,25,4.039536,13.958062,8.419737,0.476220,24.616005,0.151732,54.756952,4.632764,17.151002,8.835105,7.667810,0.012577,13.076135,52.200803,9604,19204,19204,9604,2564,2304
300,25,3.507753,8.764631,9.581891,0.578171,19.221239,0.151965,43.792233,3.619035,10.047703,16.487722,0.620834,0.010842,11.215723,42.477049,9604,19204,19204,9604,2564,2304
300,25,3.514332,9.298229,8.974947,0.473706,25.761790,0.158602,50.927318,5.346242,22.320003,8.696017,1.194864,0.023425,10.504858,48.599441,9604,19204,19204,9604,2564,2304
300,25,3.306520,9.310240,8.760326,0.697540,21.714310,0.217533,47.243664,4.502080,13.851163,13.182651,1.482292,0.016172,10.591259,45.194196,9604,19204,19204,9604,2564,2304
300,25,4.388124,9.920006,9.453618,0.472239,25.532463,0.153857,52.137483,5.069787,21.780474,9.345820,2.039480,0.019971,10.406302,49.089688,9604,19204,19204,9604,2564,2304
300,25,3.463046,9.594231,8.801625,0.580956,27.280293,0.162371,52.213796,5.915823,16.389491,15.375029,2.058208,0.013257,10.162940,50.338886,9604,19204,19204,9604,2564,2304
300,25,3.941051,8.903877,8.568832,0.446899,20.610373,0.154185,44.832195,5.463035,16.956588,8.752825,1.088823,0.018797,10.430047,43.243297,9604,19204,19204,9604,2564,2304
300,25,3.379453,9.189758,9.049981,0.517017,20.518833,0.158527,45.384150,4.980638,13.548726,12.229065,1.215118,0.007928,10.795548,43.462761,9604,19204,19204,9604,2564,2304
300,25,3.478720,12.558451,8.224936,1.761419,17.150516,0.159470,51.282280,5.602409,18.127499,8.730279,1.667678,0.019386,10.479575,45.426742,9604,19204,19204,9604,2564,2304
300,25,3.306764,8.291306,7.744933,0.407218,28.135063,0.149954,50.295054,5.982485,17.211209,11.224868,1.426699,0.017561,9.937089,45.880887,9604,19204,19204,9604,2564,2304
300,25,3.179255,8.283983,9.051497,0.519854,24.580635,0.158377,50.353240,6.907227,18.074227,8.359866,1.524490,0.021200,10.723924,48.342449,9604,19204,19204,9604,2564,2304
300,25,3.301570,8.398188,9.055582,0.572052,34.672478,0.157371,60.059783,4.763952,22.027592,17.561207,1.342775,0.008132,10.991497,58.624450,9604,19204,19204,9604,2564,2304
300,25,3.228424,8.074771,8.108698,0.330036,29.067739,0.223362,51.721227,5.181886,18.809566,12.436912,2.462323,0.018515,10.450576,50.269967,9604,19204,19204,9604,2564,2304
300,25,7.840961,8.635876,7.881320,0.290634,19.062115,0.145499,47.330212,6.082376,18.178584,8.956260,1.678479,0.009647,9.143774,45.725997,9604,19204,19204,9604,2564,2304
300,25,3.140291,7.794007,7.803413,0.439951,36.322284,0.259772,57.848483,7.560782,22.151590,14.642827,2.175830,0.023191,8.846439,55.732316,9604,19204,19204,9604,2564,2304
300,25,3.213806,10.182087,8.631944,0.258665,26.698200,0.158223,51.586262,4.487299,15.338831,10.469564,2.228861,0.010152,10.374085,43.326008,9604,19204,19204,9604,2564,2304
300,25,3.212383,7.927091,14.758165,0.620665,17.572414,0.148279,46.648378,3.978208,13.261173,9.569833,1.433650,0.009459,16.574518,45.269571,9604,19204,19204,9604,2564,2304
300,25,3.177481,8.078835,7.859114,0.307851,22.417839,0.148181,44.782837,4.362808,13.106748,13.841232,1.829880,0.008011,9.786967,43.400303,9604,19204,19204,9604,2564,2304
300,25,3.133597,8.041799,7.737705,2.110744,19.143358,0.190610,44.232972,4.658838,15.143280,8.795253,1.561893,0.021725,10.122644,40.702582,9604,19204,19204,9604,2564,2304
300,25,3.216963,8.136087,8.534297,0.547055,26.201272,0.140142,49.339592,5.467321,18.090433,8.987913,1.920401,0.024084,10.354144,45.850372,9604,19204,19204,9604,2564,2304
300,25,3.096169,7.834120,8.187130,0.317108,30.969617,0.156222,52.602629,5.109894,19.347027,14.310004,2.082735,0.018185,9.461727,50.548727,9604,19204,19204,9604,2564,2304
300,25,3.335267,8.970170,8.791095,1.772852,27.407155,0.180300,52.791116,10.934607,18.852007,8.972381,0.954955,0.015743,10.527798,50.928830,9604,19204,19204,9604,2564,2304
300,25,3.363345,8.327080,12.521792,0.272317,18.846438,0.141886,45.377772,5.327183,13.507889,9.052907,2.112608,0.011027,13.912656,43.998513,9604,19204,19204,9604,2564,2304
300,25,3.258191,7.908687,8.537582,0.309109,20.400533,0.166190,42.412536,6.066860,12.877700,9.359220,1.609538,0.016198,9.868475,39.995163,9604,19204,19204,9604,2564,2304
300,25,3.702244,9.890246,8.291077,0.339234,21.607371,0.385820,47.240851,8.279355,15.028208,8.253199,0.339838,0.025259,12.080638,44.084299,9604,19204,19204,9604,2564,2304
300,25,7.507879,8.383397,8.170992,0.361485,19.006846,0.158384,45.620553,4.435347,12.546144,15.758469,0.570118,0.020857,10.582629,43.991309,9604,19204,19204,9604,2564,2304
300,25,3.167295,8.031933,7.764459,0.326008,17.739387,0.152943,39.358736,3.711085,14.040251,9.371858,0.608494,0.008155,9.926214,37.991491,9604,19204,19204,9604,2564,2304
300,50,7.583797,8.551024,8.533999,0.268238,13.460224,0.149877,42.404472,5.683047,11.730901,8.876198,1.057973,0.010371,11.196000,39.661238,9604,19204,19204,9604,2564,2304
300,50,3.299541,8.217200,8.327813,0.429543,30.132116,0.149586,52.675655,4.411305,16.367413,15.581312,2.849032,0.024211,9.609799,48.976115,9604,19204,19204,9604,2564,2304
300,50,8.511826,8.159051,8.338503,0.328444,18.523479,0.164043,48.044431,4.315879,16.814770,8.681327,1.665448,0.011287,9.864828,43.100447,9604,19204,19204,9604,2564,2304
300,50,3.405449,8.320084,8.254072,0.407052,31.581215,0.164045,58.830957,4.862585,17.661987,11.185293,2.094187,0.013004,18.133608,56.824435,9604,19204,19204,9604,2564,2304
300,50,3.119079,7.766433,9.229672,2.222938,24.878629,0.165346,55.583422,9.438815,14.734086,10.694931,1.707332,0.018277,13.231589,50.519391,9604,19204,19204,9604,2564,2304
300,50,3.259592,14.680238,13.260905,0.925786,31.130896,0.152539,67.496687,10.682963,21.976369,8.315565,1.442962,0.019315,17.453122,61.125042,9604,19204,19204,9604,2564,2304
300,50,4.026833,9.396169,8.710562,0.549730,34.531379,0.160597,101.233352,7.282091,20.220359,8.590887,1.489874,0.015032,51.527556,90.182864,9604,19204,19204,9604,2564,2304
300,50,3.420336,8.744709,9.043313,0.762399,20.779241,0.167968,96.507766,5.315510,15.054574,10.548175,1.694444,0.023296,61.594620,95.080339,9604,19204,19204,9604,2564,2304
300,50,3.835361,8.771454,8.385695,0.494225,28.642600,0.151095,54.667252,4.805552,15.303287,9.012445,2.842809,0.018105,11.054729,44.273181,9604,19204,19204,9604,2564,2304
300,50,3.430595,8.684239,8.584307,0.717527,26.560080,0.156507,52.911435,7.145091,13.270637,15.860504,2.092965,0.017819,11.250948,51.020148,9604,19204,19204,9604,2564,2304
300,50,3.360131,14.574771,8.518765,0.455476,21.255361,0.229202,51.547176,6.170018,22.124461,8.311615,2.264280,0.013783,10.580433,50.135675,9604,19204,19204,9604,2564,2304
300,50,3.597354,8.760593,9.114148,0.492221,24.237679,0.158202,49.464149,7.647658,16.589933,10.034877,1.915783,0.026831,11.012843,48.007179,9604,19204,19204,9604,2564,2304
300,50,3.440655,8.472368,8.245159,0.378630,25.398651,0.144593,48.698272,4.010081,9.593641,8.958506,1.608186,0.014932,10.208319,34.804496,9604,19204,19204,9604,2564,2304
300,50,3.877846,8.968236,9.136797,0.599743,23.864705,0.166565,48.837174,5.495719,16.351143,12.144808,2.021443,0.010222,10.994305,47.140177,9604,19204,19204,9604,2564,2304
300,50,3.601099,8.777953,8.343134,0.458768,22.651840,0.141746,46.038794,5.459147,18.739523,8.616736,1.019896,0.015313,10.309758,44.270824,9604,19204,19204,9604,2564,2304
300,50,3.835021,9.176149,8.763027,0.523048,24.571352,0.165533,51.039494,5.227565,17.839264,11.220960,1.990380,0.015638,10.968868,48.236232,9604,19204,19204,9604,2564,2304
300,50,3.362626,8.768161,9.252724,0.507989,26.294462,0.171608,51.299636,6.232904,21.376411,8.818418,1.702092,0.022301,11.129504,50.005291,9604,19204,19204,9604,2564,2304
300,50,4.028874,9.357639,8.748659,0.453821,31.069440,0.262280,57.846326,8.289424,24.970900,8.738425,1.204501,0.027618,12.437260,56.140563,9604,19204,19204,9604,2564,2304
300,50,3.338439,9.316868,8.198189,0.554451,24.542033,0.156938,97.110564,4.722232,15.444995,14.894200,1.154339,0.008656,59.224611,95.562568,9604,19204,19204,9604,2564,2304
300,50,3.792046,8.439058,8.304425,0.555148,19.067626,0.156890,42.632792,4.299271,8.234084,8.427023,1.248370,0.006008,10.276972,32.612757,9604,19204,19204,9604,2564,2304
300,50,3.633784,9.560294,9.126080,0.609274,21.050037,0.159428,47.531731,4.312439,13.567191,9.018091,2.191450,0.009258,16.527161,46.225703,9604,19204,19204,9604,2564,2304
300,50,3.418201,9.287090,8.385474,0.434709,25.028650,0.152831,89.077531,8.666743,11.062386,13.311477,3.826330,0.014271,50.586394,87.577521,9604,19204,19204,9604,2564,2304
300,50,3.280940,9.005894,8.790053,0.641562,18.788886,0.149614,43.622046,5.603780,14.367270,8.995685,1.386633,0.010136,10.739352,41.691097,9604,19204,19204,9604,2564,2304
300,50,3.599750,9.135888,8.394929,0.429747,17.349365,0.162494,42.409915,4.186072,13.092578,10.261674,1.407416,0.012066,10.731727,40.651660,9604,19204,19204,9604,2564,2304
300,50,3.491228,11.693141,8.510145,0.700533,19.409894,0.146771,48.339397,5.947941,17.459784,9.451575,1.218158,0.013682,11.523610,46.679806,9604,19204,19204,9604,2564,2304
300,50,4.017600,9.100990,8.940399,0.454494,29.748554,0.240983,94.447029,7.495666,23.632220,9.329376,2.233147,0.015668,49.397809,92.858644,9604,19204,19204,9604,2564,2304
300,50,3.974929,9.109965,8.537717,0.472968,26.340519,0.144100,51.785326,4.258194,14.618036,8.711484,1.229316,0.017351,11.274183,40.791834,9604,19204,19204,9604,2564,2304
300,50,3.496423,9.019369,8.517554,0.750595,21.724540,0.154842,48.159682,4.655003,12.952519,14.666640,1.723764,0.008649,11.915794,46.751395,9604,19204,19204,9604,2564,2304
300,50,3.660674,9.535163,9.136586,0.593219,22.861157,0.156945,48.492765,4.873072,15.472409,13.986915,1.034495,0.020873,11.568186,47.070151,9604,19204,19204,9604,2564,2304
300,50,3.231910,8.683700,9.078920,0.484632,18.194704,0.213954,42.826069,4.190132,10.544699,13.594062,1.259207,0.007965,10.886860,41.172287,9604,19204,19204,9604,2564,2304
300,75,4.617245,8.793226,8.281293,0.504551,33.410325,0.210142,58.880168,8.149990,28.216771,8.741501,1.271014,0.020023,11.049631,57.605132,9604,19204,19204,9604,2564,2304
300,75,3.466560,8.872980,9.927898,0.816448,20.175145,0.153232,46.449676,4.684256,17.127232,8.863191,2.270069,0.015882,11.481825,45.340773,9604,19204,19204,9604,2564,2304
300,75,3.509237,8.677472,7.927220,2.303411,23.191793,0.156166,48.410100,6.172717,19.505722,8.874764,1.846189,0.024251,10.062631,46.639621,9604,19204,19204,9604,2564,2304
300,75,3.416932,8.139058,8.138466,0.450486,22.804784,0.166505,46.283907,6.152817,17.143706,8.784783,1.718720,0.016823,9.773466,44.625836,9604,19204,19204,9604,2564,2304
300,75,3.470245,16.048614,9.248218,0.541000,22.171546,0.157890,54.149804,8.571611,19.892179,10.866949,1.788356,0.023625,11.342457,52.727374,9604,19204,19204,9604,2564,2304
300,75,3.150490,8.237735,7.819173,5.042112,19.949384,0.157742,47.258291,7.225380,18.387420,8.404654,1.309234,0.013094,9.354528,45.757953,9604,19204,19204,9604,2564,2304
300,75,3.285446,8.048775,8.342069,0.349771,33.409083,0.161507,57.452600,9.841323,18.594881,13.667553,1.648152,0.024322,10.810180,55.653310,9604,19204,19204,9604,2564,2304
300,75,3.313639,8.277799,8.204559,0.325860,30.474148,0.160091,54.433181,7.692857,22.895261,9.438319,0.664063,0.014967,10.823945,52.793220,9604,19204,19204,9604,2564,2304
300,75,3.232663,8.469343,10.475659,2.090588,27.478497,0.152153,55.599263,5.379686,15.601094,16.853480,1.897569,0.025466,12.462431,53.323136,9604,19204,19204,9604,2564,2304
300,75,3.405154,8.732676,8.727443,0.355066,34.547493,0.159467,60.926149,6.303690,23.304702,8.297374,1.273251,0.020468,11.245557,52.046289,9604,19204,19204,9604,2564,2304
300,75,3.394061,8.513862,8.239172,0.756125,22.673779,0.175808,46.059591,5.365136,18.678127,8.473180,1.359034,0.019827,10.222181,44.295703,9604,19204,19204,9604,2564,2304
300,75,3.543232,8.339084,8.226537,0.906004,22.132799,0.151225,45.852896,5.039069,16.729270,9.117099,2.703578,0.015016,9.669477,44.051926,9604,19204,19204,9604,2564,2304
300,75,3.213168,7.897418,8.087766,0.319493,33.680822,0.176176,57.502928,8.502015,25.312390,8.630527,1.544322,0.021538,10.615248,55.793808,9604,19204,19204,9604,2564,2304
300,75,3.210011,8.119621,7.968061,0.943271,24.230430,0.162285,47.806679,4.552142,14.894768,11.948510,2.298251,0.013441,9.433255,44.390088,9604,19204,19204,9604,2564,2304
300,75,3.333899,8.510339,8.992101,1.153944,29.417978,0.151548,54.862920,7.920420,22.163401,8.307933,1.744067,0.019797,11.214194,52.403752,9604,19204,19204,9604,2564,2304
300,75,3.304118,8.106144,9.213459,1.236826,25.582082,0.158792,51.750649,5.268481,18.896380,10.554027,2.516119,0.016850,11.852714,50.042405,9604,19204,19204,9604,2564,2304
300,75,8.215723,9.277232,9.027355,0.829397,19.017409,0.176513,51.660040,6.743897,18.013978,9.222851,2.919565,0.017069,12.103466,49.330440,9604,19204,19204,9604,2564,2304
300,75,3.685285,8.718113,8.625973,0.680252,22.399430,0.472069,95.626372,4.774412,14.798816,12.806369,2.085466,0.014769,59.583214,94.221614,9604,19204,19204,9604,2564,2304
300,75,3.398978,9.490840,8.863966,0.701586,13.001670,0.235984,39.940396,4.499037,11.735390,8.369073,1.742176,0.008118,11.925081,38.806434,9604,19204,19204,9604,2564,2304
300,75,3.462380,8.939831,8.668230,0.639750,23.953880,0.148837,48.910507,4.132845,9.684914,13.237063,1.281325,0.014486,11.936214,40.900735,9604,19204,19204,9604,2564,2304
300,75,4.316328,13.690620,8.787546,0.419618,24.854761,0.161536,55.270021,5.403268,20.366131,9.669552,1.560362,5.765573,10.814556,54.151231,9604,19204,19204,9604,2564,2304
300,75,3.411363,9.483027,8.235170,0.790059,23.207830,0.207699,48.566878,5.488775,16.682732,12.668005,1.470186,0.013739,10.502976,47.441993,9604,19204,19204,9604,2564,2304
300,75,3.144238,7.993521,9.087391,0.433098,23.862609,0.161690,56.288864,4.301135,13.772035,8.384561,1.243014,0.013789,16.610267,44.522256,9604,19204,19204,9604,2564,2304
300,75,3.500171,8.981795,7.871776,0.444345,12.987602,0.157757,36.647052,3.558791,10.900971,9.185514,1.132420,0.008763,9.327303,35.155248,9604,19204,19204,9604,2564,2304
300,75,3.225811,8.442102,8.197343,0.623657,24.539185,0.167381,50.332924,3.679204,11.475517,15.809227,2.617343,0.021564,13.608746,48.821697,9604,19204,19204,9604,2564,2304
300,75,3.277679,8.097396,7.819112,0.995694,30.156761,0.153926,54.142935,6.173974,23.440134,8.953956,2.414867,0.018960,10.105236,52.117397,9604,19204,19204,9604,2564,2304
300,75,3.247761,8.475075,7.993114,0.518252,31.383467,0.152747,55.387130,7.773705,18.171991,14.658362,1.801340,0.021013,10.205855,53.845781,9604,19204,19204,9604,2564,2304
300,75,3.161823,8.112941,8.498163,0.308251,23.708385,0.165303,47.016117,7.091605,16.025545,8.807496,1.532103,0.017646,10.219460,44.744089,9604,19204,19204,9604,2564,2304
300,75,3.434844,8.420524,8.176494,0.450338,28.992626,0.163007,54.203297,4.415357,17.331320,13.243695,5.148650,0.012729,10.450373,52.441619,9604,19204,19204,9604,2564,2304
300,75,3.277616,8.082563,7.837540,0.318463,32.020314,0.150150,58.090702,11.403044,20.896641,8.398555,1.882415,0.013916,9.971528,56.440803,9604,19204,19204,9604,2564,2304
400,0,4.334327,11.038761,11.711416,1.272150,25.514707,0.247848,55.990646,6.911502,21.420819,10.927256,0.363117,0.032912,14.589599,54.295171,12804,25604,25604,12804,2564,2304
400,0,4.140929,10.353481,12.825592,0.380228,19.895451,0.248078,49.815844,5.365753,14.858556,11.305323,0.893366,0.014050,15.257014,47.744814,12804,25604,25604,12804,2564,2304
400,0,4.442244,15.611457,11.120529,0.430605,29.635587,0.262877,63.728376,6.030235,25.576016,15.582644,0.535941,0.032532,13.714447,61.534008,12804,25604,25604,12804,2564,2304
400,0,4.615057,10.874387,12.396262,4.916856,32.442011,0.470816,67.226216,9.033734,28.193611,11.912301,1.284127,0.022485,14.461924,64.967553,12804,25604,25604,12804,2564,2304
400,0,4.675898,12.361830,12.078426,0.550111,30.955331,0.263864,62.880665,7.928443,24.488414,11.762386,0.366974,0.024975,15.077150,59.974455,12804,25604,25604,12804,2564,2304
400,0,4.858081,11.638658,12.059956,0.508388,35.053728,0.263159,65.814572,9.977112,21.701695,17.285100,1.048383,0.025050,13.465667,63.698807,12804,25604,25604,12804,2564,2304
400,0,4.752404,12.355281,12.133466,0.462958,34.956889,0.310994,67.933347,7.900872,29.123328,12.637081,1.692407,0.033594,12.977956,66.111895,12804,25604,25604,12804,2564,2304
400,0,4.877640,12.557639,16.827839,0.518104,39.410429,0.381281,77.012999,9.614152,32.100191,12.088716,3.165016,0.021523,18.216460,75.674342,12804,25604,25604,12804,2564,2304
400,0,4.852321,11.747184,13.071026,0.488377,46.683862,0.406199,78.493460,8.262605,22.308100,12.566997,2.476576,0.019427,13.728160,59.548437,12804,25604,25604,12804,2564,2304
400,0,4.807836,11.691004,11.500719,0.756391,25.659246,0.257375,56.984038,5.585603,18.578452,15.610888,2.114043,0.016512,13.039026,55.111561,12804,25604,25604,12804,2564,2304
400,0,5.734346,12.115219,11.355083,0.548956,58.013062,0.253280,90.019125,12.095554,38.606777,22.816774,1.916651,0.019262,12.133329,88.229768,12804,25604,25604,12804,2564,2304
400,0,4.814204,11.776213,11.770484,0.412125,41.486677,0.264357,72.363999,10.141161,31.263590,13.685213,2.398682,0.031796,12.289875,70.506203,12804,25604,25604,12804,2564,2304
400,0,5.034251,12.310095,12.583232,0.516503,29.922772,0.263179,62.134808,7.446890,24.092065,12.755201,2.360403,0.020637,13.683320,60.407909,12804,25604,25604,12804,2564,2304
400,0,4.810242,11.973615,12.013511,0.891564,28.992306,0.256722,60.221897,6.373648,17.291549,20.768779,2.395835,0.015193,12.396595,59.338713,12804,25604,25604,12804,2564,2304
400,0,4.609741,11.879974,11.326602,0.715154,26.186844,0.246271,57.167706,5.833768,17.285920,17.604003,1.264485,0.013095,12.643818,54.738012,12804,25604,25604,12804,2564,2304
400,0,4.762771,11.763667,12.634470,0.794106,25.644988,0.258497,57.207482,6.097329,15.633105,12.016251,1.829162,0.010997,13.467801,49.139347,12804,25604,25604,12804,2564,2304
400,0,4.801265,12.595889,11.023914,0.516835,25.842345,0.246416,57.058734,8.365620,21.115251,11.848816,1.326530,0.015431,12.455266,55.275356,12804,25604,25604,12804,2564,2304
400,0,4.842527,12.045482,11.838188,0.603196,22.967865,0.267224,54.112699,6.927260,16.626549,13.931856,1.886013,0.012897,12.644090,52.134316,12804,25604,25604,12804,2564,2304
400,0,9.553111,12.146118,11.988308,0.425380,21.404986,0.268870,57.268759,8.372572,19.792533,12.256267,1.821336,0.013049,12.836330,55.182801,12804,25604,25604,12804,2564,2304
400,0,4.792040,12.601206,11.320148,0.637648,22.544269,0.319767,53.458807,6.017309,16.831778,14.909845,1.438540,0.014054,12.310046,51.614212,12804,25604,25604,12804,2564,2304
400,0,12.913481,16.357825,12.017336,0.575466,27.216731,0.261429,72.246940,16.036137,24.598596,13.120120,2.515945,0.019436,12.953135,69.665743,12804,25604,25604,12804,2564,2304
400,0,5.237692,11.979455,11.903139,0.509805,24.588674,0.301679,56.180820,6.901178,19.484336,13.585366,0.926947,0.020767,13.375829,54.342678,12804,25604,25604,12804,2564,2304
400,0,4.740556,11.921270,12.012346,0.464008,23.906915,0.246842,54.278477,5.779739,16.520136,15.353643,1.274068,0.010359,12.980814,52.743918,12804,25604,25604,12804,2564,2304
400,0,4.777968,15.197333,12.014566,0.679838,23.120770,0.329588,57.238333,8.241410,19.916436,12.681564,1.741768,0.011241,12.595927,55.283260,12804,25604,25604,12804,2564,2304
400,0,5.191128,12.983657,12.455564,0.728987,20.893180,0.496582,55.086532,6.472698,15.259573,15.421797,1.189541,0.010226,14.105459,52.723117,12804,25604,25604,12804,2564,2304
400,0,5.234551,13.278340,11.414148,0.459488,20.849937,0.252313,52.803726,5.947608,19.538390,11.930507,1.304443,0.010884,12.291621,51.113798,12804,25604,25604,12804,2564,2304
400,0,4.543553,12.020923,11.888594,0.691826,24.435642,0.260229,54.908386,5.249211,16.626984,16.933483,1.224839,0.009901,13.334379,53.427053,12804,25604,25604,12804,2564,2304
400,0,5.086724,11.727378,11.199344,0.430910,24.894323,0.246814,55.673546,7.064677,21.271426,10.972700,1.407198,0.015524,12.303670,53.235169,12804,25604,25604,12804,2564,2304
400,0,5.345866,12.394851,12.306039,0.692081,22.242522,0.275092,55.495936,6.761859,17.673988,13.299840,1.156309,0.014556,13.282173,52.285209,12804,25604,25604,12804,2564,2304
400,0,5.714942,12.144055,12.061023,0.572440,26.464221,0.325660,58.419962,6.268162,15.007722,12.012609,0.634062,0.011127,13.848943,47.876378,12804,25604,25604,12804,2564,2304
400,25,4.425576,12.268159,12.003891,0.446543,28.604047,0.283803,60.640591,6.784969,17.230026,19.963761,1.813873,0.019399,13.732988,59.897576,12804,25604,25604,12804,2564,2304
400,25,4.792861,11.924202,11.873497,0.640606,27.572707,0.277797,59.587869,9.116609,19.581880,13.188513,1.489392,0.025626,13.788525,57.297267,12804,25604,25604,12804,2564,2304
400,25,4.608387,12.145141,12.029436,0.642332,29.033674,0.260375,62.469749,6.072629,24.283002,11.928906,1.034582,0.017300,13.947987,59.147236,12804,25604,25604,12804,2564,2304
400,25,4.638029,12.151170,12.437475,0.484199,32.817002,0.262504,64.937423,13.450035,22.026610,12.667730,0.843145,0.024378,14.466528,63.592821,12804,25604,25604,12804,2564,2304
400,25,4.822152,12.605878,11.747432,0.488280,24.224379,0.282744,58.556176,5.234783,19.746768,14.734333,0.416618,0.017366,14.770082,55.737960,12804,25604,25604,12804,2564,2304
400,25,5.273022,12.609767,11.849734,0.475754,34.524747,0.280870,68.031163,10.440639,29.012161,11.032210,0.425599,0.025000,14.637571,66.199687,12804,25604,25604,12804,2564,2304
400,25,5.029824,12.328744,12.707126,0.504481,29.404378,0.281367,65.964469,8.264790,24.794897,12.133612,0.560936,0.020600,16.635119,63.173395,12804,25604,25604,12804,2564,2304
400,25,5.108282,12.620339,11.848910,0.599989,34.873063,0.340499,68.128360,8.274986,30.153206,11.878578,0.648056,0.030621,15.069619,66.157553,12804,25604,25604,12804,2564,2304
400,25,4.867513,12.591610,12.271711,0.566870,32.116881,0.282916,64.908091,10.475495,24.596291,12.634337,0.448969,0.024185,15.416522,63.700371,12804,25604,25604,12804,2564,2304
400,25,4.816743,12.015750,11.739014,0.525695,19.143021,0.255915,50.779603,5.860300,13.723088,12.584053,0.801362,0.009125,16.194154,49.377513,12804,25604,25604,12804,2564,2304
400,25,4.578723,11.844517,12.142436,0.714364,24.956658,0.338049,56.832392,6.764367,21.174013,11.720662,0.574037,0.009810,14.562871,55.241905,12804,25604,25604,12804,2564,2304
400,25,5.142176,11.773479,12.750282,0.802501,17.451875,0.277558,51.243153,6.352977,15.225625,11.650786,0.527800,0.015865,15.583032,50.111283,12804,25604,25604,12804,2564,2304
400,25,4.573788,11.806297,12.503684,0.704612,23.675539,0.268311,55.796618,7.150983,20.957189,11.070656,1.334530,0.012015,14.192821,54.816242,12804,25604,25604,12804,2564,2304
400,25,5.340038,11.942208,12.053819,0.499555,24.801247,0.295225,57.453561,5.816573,18.133937,13.032542,0.388450,0.020215,14.899677,52.391773,12804,25604,25604,12804,2564,2304
400,25,4.824815,12.643626,11.983775,0.437609,24.056265,0.284959,57.045485,6.117270,19.211593,14.168362,0.396840,0.015885,14.784117,55.159414,12804,25604,25604,12804,2564,2304
400,25,4.856077,11.738621,11.829012,0.835541,21.962850,0.278145,54.111763,7.915852,17.802653,11.651654,0.304470,0.010224,13.955113,52.344414,12804,25604,25604,12804,2564,2304
400,25,5.061385,12.388650,11.338768,0.546479,30.584557,0.273262,63.095870,7.441535,27.011039,11.307492,1.058154,0.023368,13.343022,61.323939,12804,25604,25604,12804,2564,2304
400,25,4.846335,12.950362,12.188484,1.357987,33.333636,0.273409,67.012241,9.152693,29.419355,11.380300,0.615204,0.025528,14.080969,65.143141,12804,25604,25604,12804,2564,2304
400,25,4.725106,11.965770,12.230772,0.437787,35.254998,0.267900,67.031441,7.114675,27.738267,15.754267,0.320772,0.018514,14.335519,65.733809,12804,25604,25604,12804,2564,2304
400,25,4.670437,12.515851,11.943628,0.467871,31.756570,0.275289,64.444111,8.369781,24.458620,14.713754,0.690932,0.022476,14.867200,63.525349,12804,25604,25604,12804,2564,2304
400,25,4.811826,12.478011,12.210593,0.448720,32.655437,0.275130,66.572445,8.206122,23.872335,15.739116,1.017047,0.027966,15.189359,65.124936,12804,25604,25604,12804,2564,2304
400,25,4.800362,12.657312,11.382546,0.518848,37.797015,0.410427,69.852305,8.929635,32.456426,11.779258,0.751465,0.026424,13.973019,68.395448,12804,25604,25604,12804,2564,2304
400,25,5.251298,11.962614,18.038094,0.744659,33.145931,0.260156,72.766309,8.284415,28.068990,11.923491,0.359067,0.025981,21.128195,70.472609,12804,25604,25604,12804,2564,2304
400,25,4.598599,11.890340,13.288975,0.561823,58.825753,0.519536,92.891246,10.770150,35.103199,27.080859,0.436737,0.024185,17.042036,90.606438,12804,25604,25604,12804,2564,2304
400,25,4.901879,12.496125,12.327945,0.684288,30.871680,0.259364,63.651234,8.616278,25.351601,12.184804,0.563146,0.023086,15.135135,62.019294,12804,25604,25604,12804,2564,2304
400,25,4.983994,12.723312,11.918710,0.413594,31.445864,0.244211,63.938840,9.964492,25.048191,11.988258,0.360752,0.022314,14.403902,61.887265,12804,25604,25604,12804,2564,2304
400,25,5.285491,13.273384,11.459861,0.624320,29.408782,0.270365,62.506535,6.359805,16.699029,16.095396,5.039347,3.266260,13.424039,60.981415,12804,25604,25604,12804,2564,2304
400,25,5.197106,12.259392,12.888352,0.808771,22.767546,0.283703,56.965268,6.030870,15.769426,16.554819,0.492882,0.010004,15.290366,54.273748,12804,25604,25604,12804,2564,2304
400,25,4.940899,17.497809,11.540819,0.572678,19.736499,0.276616,56.996415,6.932263,21.872592,11.861326,0.577513,0.009486,13.769049,55.540721,12804,25604,25604,12804,2564,2304
400,25,5.624066,12.203140,12.022562,0.586729,30.766392,0.293803,64.254546,9.981463,24.409504,12.634691,0.399410,0.027545,15.035181,62.978401,12804,25604,25604,12804,2564,2304
400,50,4.744706,12.309366,12.216471,0.633621,33.805602,0.271884,67.772871,6.187353,19.888585,19.453205,3.508145,0.016187,15.989574,66.176220,12804,25604,25604,12804,2564,2304
400,50,5.020035,12.854476,11.863508,0.563805,41.047300,0.292245,75.699870,9.558891,36.337670,10.917727,0.438989,0.027929,16.746874,74.181540,12804,25604,25604,12804,2564,2304
400,50,5.344031,11.988373,12.585968,0.512404,23.982933,0.280980,58.204151,6.050845,19.887765,14.259119,0.640689,0.017941,15.357077,56.961548,12804,25604,25604,12804,2564,2304
400,50,4.889307,11.919478,12.161133,0.598767,34.766504,0.282906,69.259052,8.730565,28.352669,12.755198,0.454674,0.024292,16.102905,67.486561,12804,25604,25604,12804,2564,2304
400,50,5.015192,12.051395,12.782650,0.529383,24.377868,0.347305,59.945616,5.693529,16.435219,18.328448,0.243098,0.021944,16.676109,58.658115,12804,25604,25604,12804,2564,2304
400,50,4.620139,12.197258,12.324591,0.859676,27.640574,0.453164,63.364406,6.814740,24.612260,11.948886,0.498653,0.024641,16.358560,61.631465,12804,25604,25604,12804,2564,2304
400,50,5.041044,12.944983,11.592790,0.797218,42.807098,0.274964,77.032211,12.097477,34.752658,11.741290,0.322266,0.025312,15.208084,74.982095,12804,25604,25604,12804,2564,2304
400,50,4.969767,12.295376,11.847038,0.506917,35.511775,0.451750,70.828083,10.516010,24.139683,16.276743,0.524938,0.024051,15.940648,68.932897,12804,25604,25604,12804,2564,2304
400,50,5.668783,13.643175,13.938975,0.583302,91.016872,0.380697,129.585016,17.016633,62.598640,27.839365,1.140633,0.021217,17.892789,127.536729,12804,25604,25604,12804,2564,2304
400,50,6.014904,13.949483,14.041510,0.573254,109.249567,0.314350,148.422400,17.475810,63.513018,45.804137,0.693452,0.037820,18.943124,146.846520,12804,25604,25604,12804,2564,2304
400,50,5.267513,15.293566,13.947698,0.606763,93.820177,0.315372,133.496240,18.425565,54.976754,37.238830,0.452819,0.022713,17.812666,129.839264,12804,25604,25604,12804,2564,2304
400,50,5.632353,14.331534,13.812154,0.494253,57.676526,0.439053,97.618929,10.035185,36.073074,28.891053,0.795023,0.039143,19.148273,95.990268,12804,25604,25604,12804,2564,2304
400,50,6.285119,20.512386,13.993459,0.560221,42.274846,0.516754,131.703671,10.710976,35.628028,19.991522,0.627612,0.021272,61.308383,129.245477,12804,25604,25604,12804,2564,2304
400,50,5.363300,14.326117,14.260657,0.557901,30.633823,0.329479,69.754579,8.762493,26.706901,13.452132,0.360496,0.014960,17.694310,68.125371,12804,25604,25604,12804,2564,2304
400,50,5.969874,13.963531,14.457755,0.711142,55.289695,0.574823,97.434057,16.852882,42.431432,13.899459,0.887913,0.026000,18.911768,95.816939,12804,25604,25604,12804,2564,2304
400,50,5.547772,14.456712,16.406245,0.586939,102.897103,0.314021,146.053065,17.838407,38.604519,61.182514,0.919217,0.025648,23.158162,142.325164,12804,25604,25604,12804,2564,2304
400,50,12.660764,16.360501,13.984852,0.528809,100.364930,0.314103,150.250914,17.256810,58.748042,47.208899,1.018828,0.049676,20.621107,145.995241,12804,25604,25604,12804,2564,2304
400,50,5.927475,14.177650,14.111354,0.571920,47.110722,0.322513,86.587519,10.108561,31.343915,21.919908,0.674638,0.023718,18.261059,83.252312,12804,25604,25604,12804,2564,2304
400,50,5.473222,14.600935,14.118270,0.598807,81.292835,0.347844,129.730822,11.143054,34.080549,54.046013,1.033753,0.013801,18.674821,127.919335,12804,25604,25604,12804,2564,2304
400,50,5.690318,20.066924,14.401239,0.518624,104.213344,0.324567,149.516881,20.177393,59.133445,46.553296,2.139894,0.023826,17.512681,146.549945,12804,25604,25604,12804,2564,2304
400,50,5.474423,14.378565,13.842060,0.650957,102.995331,0.327196,142.525802,13.044215,51.372322,54.298725,1.402111,0.033138,18.697880,139.910702,12804,25604,25604,12804,2564,2304
400,50,5.613927,14.170751,14.138598,0.734490,82.272459,0.446799,121.972941,16.417643,53.851512,29.082049,1.378909,0.033032,18.459695,120.277827,12804,25604,25604,12804,2564,2304
400,50,5.999201,14.197011,13.836537,0.784075,53.403121,0.314129,190.960578,13.416486,45.361564,13.408692,0.969208,0.024114,111.960791,188.137467,12804,25604,25604,12804,2564,2304
400,50,5.992256,15.191945,11.102974,0.535145,72.075359,0.245143,111.128589,11.264509,41.075289,36.321456,1.059890,0.031954,15.680807,106.861419,12804,25604,25604,12804,2564,2304
400,50,4.766753,11.351872,10.987238,0.920749,41.762972,0.335760,74.824948,12.619446,31.177396,12.578888,0.336057,0.034590,14.369414,72.847514,12804,25604,25604,12804,2564,2304
400,50,4.502499,11.578140,15.844620,0.490534,46.390497,0.262354,82.385830,8.110869,27.018747,23.181879,0.606161,0.015291,19.800275,79.098145,12804,25604,25604,12804,2564,2304
400,50,4.796781,11.848751,11.433730,0.559823,42.200638,0.269925,119.243848,10.739642,30.721895,14.860569,0.867731,0.017309,59.742906,117.124207,12804,25604,25604,12804,2564,2304
400,50,4.427754,11.881366,12.356724,0.488157,20.430440,0.265320,53.620180,6.495381,17.876226,11.021654,0.370929,0.013010,16.377176,52.443807,12804,25604,25604,12804,2564,2304
400,50,5.116954,11.262247,11.887662,0.501096,28.421388,0.352227,62.087788,6.868666,23.217179,12.543363,1.720521,0.022965,14.468453,60.901986,12804,25604,25604,12804,2564,2304
400,50,5.246893,11.802555,11.239953,0.431850,59.059917,0.262289,92.684886,17.732908,23.527324,33.206995,1.984329,0.017813,14.208086,91.875973,12804,25604,25604,12804,2564,2304
400,75,5.038740,11.650310,11.582181,0.523627,73.096678,0.257667,151.095764,10.766905,40.438528,36.049020,0.612091,0.033834,60.651160,148.840272,12804,25604,25604,12804,2564,2304
400,75,4.939722,11.392916,10.859354,0.565203,62.666122,0.253115,97.926814,8.899458,29.957021,37.181596,0.869844,0.037972,15.466646,96.103885,12804,25604,25604,12804,2564,2304
400,75,4.938470,11.161945,11.171697,0.458515,65.362203,0.261500,98.672494,17.731013,37.208557,24.234421,0.577192,0.028391,15.558770,96.649015,12804,25604,25604,12804,2564,2304
400,75,4.537579,11.325313,12.059086,1.073988,28.461647,0.350252,63.008017,7.277113,22.308341,12.619796,0.473873,0.029535,17.499846,61.614726,12804,25604,25604,12804,2564,2304
400,75,5.171379,11.336733,11.752577,0.890712,46.655259,0.273681,81.487641,9.861374,36.422099,15.816287,0.338062,0.017989,17.036868,80.242572,12804,25604,25604,12804,2564,2304
400,75,4.717637,11.480028,12.041057,0.858052,25.355699,0.274487,61.967564,5.322304,18.690966,16.416242,0.404470,0.016765,17.595094,60.527721,12804,25604,25604,12804,2564,2304
400,75,5.233765,12.275733,11.561208,1.045732,47.418085,0.326818,87.997295,6.707789,20.482672,36.115747,0.645881,0.022966,17.257785,85.913353,12804,25604,25604,12804,2564,2304
400,75,5.178587,11.428174,11.512304,2.226501,53.320578,0.274673,90.440942,10.029754,31.519503,28.016413,0.625665,0.023031,16.334132,88.659931,12804,25604,25604,12804,2564,2304
400,75,4.903378,13.323597,11.664026,0.449413,52.547762,0.293367,94.979005,14.428378,28.741052,24.787661,2.124818,0.014900,16.760196,89.499586,12804,25604,25604,12804,2564,2304
400,75,4.413899,10.990437,10.316358,0.533427,89.987566,0.268916,120.802719,13.691692,47.001589,36.834301,2.642174,0.021763,13.724594,114.530129,12804,25604,25604,12804,2564,2304
400,75,4.096763,10.243564,10.527597,0.326625,62.176191,0.286517,91.372864,11.399927,37.127608,24.192947,2.835404,0.022667,13.339372,89.231615,12804,25604,25604,12804,2564,2304
400,75,4.170299,10.433350,10.461596,2.392278,52.275734,0.261118,86.100044,10.737186,32.874316,22.459143,1.822406,0.018678,13.068649,84.305978,12804,25604,25604,12804,2564,2304
400,75,4.335921,10.902134,10.929155,0.787479,45.252405,0.272523,75.943355,6.011387,17.814156,31.752397,2.357780,0.017028,12.733980,71.788410,12804,25604,25604,12804,2564,2304
400,75,5.328290,15.940430,10.193957,0.276503,74.016386,0.261081,110.896792,11.462216,31.247020,35.249334,2.772839,0.035454,12.627657,95.048621,12804,25604,25604,12804,2564,2304
400,75,4.136025,10.576027,10.417670,1.012882,77.974386,0.267195,110.111818,10.709047,40.734796,38.202234,2.778203,0.029130,14.867170,108.549062,12804,25604,25604,12804,2564,2304
400,75,4.211100,10.432117,10.284093,0.457294,74.298948,0.275362,104.437010,13.753031,38.407317,33.504015,2.836465,0.020162,14.269679,103.008873,12804,25604,25604,12804,2564,2304
400,75,4.284903,10.922918,10.380853,0.697866,66.061211,0.281768,99.460605,10.266311,30.483400,36.436129,2.209860,0.023796,16.678030,96.360630,12804,25604,25604,12804,2564,2304
400,75,4.372041,10.801678,11.005277,1.417377,48.817496,0.268530,79.815261,11.035604,33.172081,17.345704,1.043994,0.025684,13.542103,77.415562,12804,25604,25604,12804,2564,2304
400,75,4.225633,10.620567,10.620881,0.417093,68.255918,0.274294,99.720886,12.377440,30.290774,37.427838,2.523561,0.028181,13.211425,97.951779,12804,25604,25604,12804,2564,2304
400,75,4.342487,10.899885,10.445959,0.393380,60.562625,0.254919,91.862579,8.158610,26.816754,37.892814,2.430197,0.022967,13.194126,90.317645,12804,25604,25604,12804,2564,2304
400,75,4.065570,10.509104,10.234603,0.390915,75.606295,0.262148,109.606523,11.720112,42.174557,33.516347,1.906952,0.028224,12.906664,105.278930,12804,25604,25604,12804,2564,2304
400,75,4.321225,11.159155,10.465676,0.451451,63.571205,0.305921,103.471254,8.058652,31.526119,36.162908,2.591787,0.020993,23.082136,101.705672,12804,25604,25604,12804,2564,2304
400,75,4.282631,10.897809,10.405948,0.347729,57.328731,0.277448,87.580904,11.400751,37.170023,20.135733,2.632113,0.030461,12.592791,85.546556,12804,25604,25604,12804,2564,2304
400,75,4.225149,10.669389,10.372520,0.299760,54.493380,0.280916,89.673897,8.659362,25.523629,32.303322,1.789967,0.018501,13.334705,83.526672,12804,25604,25604,12804,2564,2304
400,75,4.490313,11.040084,10.447960,0.397764,46.904372,0.263070,79.430360,6.379567,16.446691,35.964839,2.729181,0.023865,14.507637,77.697780,12804,25604,25604,12804,2564,2304
400,75,4.231799,10.819078,10.160984,1.149894,78.006934,0.285979,109.881686,12.208729,39.622812,38.055594,2.463851,0.037044,12.598951,107.292517,12804,25604,25604,12804,2564,2304
400,75,4.123494,10.282203,10.714083,0.576023,90.751053,0.263689,123.394811,14.540168,48.400444,38.256124,2.778796,0.025888,13.117683,120.951524,12804,25604,25604,12804,2564,2304
400,75,4.338992,10.862798,11.312764,0.782638,73.416600,0.482066,105.392183,15.270585,38.024477,33.858162,0.470534,0.032109,15.601269,103.528339,12804,25604,25604,12804,2564,2304
400,75,4.145509,10.344137,10.468794,0.464908,47.322741,0.273824,79.035870,8.450801,25.748857,22.696545,1.590251,0.030106,14.867152,76.352032,12804,25604,25604,12804,2564,2304
400,75,4.327095,10.768935,10.101605,0.348611,73.422968,0.263699,103.793295,11.057555,39.427448,35.552756,1.001684,0.020574,12.521471,101.629879,12804,25604,25604,12804,2564,2304
